NOAA_FIP,NOAA_Zone,County,FIP,Latitude,Longitude,Zone,Begin_Date
006,San Francisco,San Francisco,075,37.7558,-122.4423,,
013,Shasta Lake Area / Northern Shasta County,Shasta,089,40.9299,-122.2247,SHASTA LAKE/NORTH SHASTA COUNTY (ZONE),08/01/2018
013,Shasta Lake Area / Northern Shasta County,Shasta,089,40.9299,-122.2247,SHASTA LAKE/NORTH SHASTA COUNTY (ZONE),09/05/2018
014,Burney Basin / Eastern Shasta County,Shasta,089,40.9423,-121.4882,BURNEY BASIN/EASTERN SHASTA COUNTY (ZONE),08/02/2014
015,Northern Sacramento Valley,Shasta,089,40.2198,-122.2949,NORTHERN SACRAMENTO VALLEY (ZONE),09/09/2013
015,Northern Sacramento Valley,Shasta,089,40.2198,-122.2949,NORTHERN SACRAMENTO VALLEY (ZONE),06/09/2018
015,Northern Sacramento Valley,Shasta,089,40.2198,-122.2949,NORTHERN SACRAMENTO VALLEY (ZONE),07/23/2018
015,Northern Sacramento Valley,Shasta,089,40.2198,-122.2949,NORTHERN SACRAMENTO VALLEY (ZONE),08/22/2019
015,Northern Sacramento Valley,Tehama,103,40.2198,-122.2949,NORTHERN SACRAMENTO VALLEY (ZONE),09/09/2013
015,Northern Sacramento Valley,Tehama,103,40.2198,-122.2949,NORTHERN SACRAMENTO VALLEY (ZONE),06/09/2018
015,Northern Sacramento Valley,Tehama,103,40.2198,-122.2949,NORTHERN SACRAMENTO VALLEY (ZONE),07/23/2018
015,Northern Sacramento Valley,Tehama,103,40.2198,-122.2949,NORTHERN SACRAMENTO VALLEY (ZONE),08/22/2019
016,Central Sacramento Valley,Butte,007,39.3764,-121.926,CENTRAL SACRAMENTO VALLEY (ZONE),07/07/2017
016,Central Sacramento Valley,Butte,007,39.3764,-121.926,CENTRAL SACRAMENTO VALLEY (ZONE),08/29/2017
016,Central Sacramento Valley,Butte,007,39.3764,-121.926,CENTRAL SACRAMENTO VALLEY (ZONE),10/08/2017
016,Central Sacramento Valley,Butte,007,39.3764,-121.926,CENTRAL SACRAMENTO VALLEY (ZONE),06/09/2018
016,Central Sacramento Valley,Colusa,011,39.3764,-121.926,CENTRAL SACRAMENTO VALLEY (ZONE),07/07/2017
016,Central Sacramento Valley,Colusa,011,39.3764,-121.926,CENTRAL SACRAMENTO VALLEY (ZONE),08/29/2017
016,Central Sacramento Valley,Colusa,011,39.3764,-121.926,CENTRAL SACRAMENTO VALLEY (ZONE),10/08/2017
016,Central Sacramento Valley,Colusa,011,39.3764,-121.926,CENTRAL SACRAMENTO VALLEY (ZONE),06/09/2018
016,Central Sacramento Valley,Glenn,021,39.3764,-121.926,CENTRAL SACRAMENTO VALLEY (ZONE),07/07/2017
016,Central Sacramento Valley,Glenn,021,39.3764,-121.926,CENTRAL SACRAMENTO VALLEY (ZONE),08/29/2017
016,Central Sacramento Valley,Glenn,021,39.3764,-121.926,CENTRAL SACRAMENTO VALLEY (ZONE),10/08/2017
016,Central Sacramento Valley,Glenn,021,39.3764,-121.926,CENTRAL SACRAMENTO VALLEY (ZONE),06/09/2018
016,Central Sacramento Valley,Nevada,057,39.3764,-121.926,CENTRAL SACRAMENTO VALLEY (ZONE),07/07/2017
016,Central Sacramento Valley,Nevada,057,39.3764,-121.926,CENTRAL SACRAMENTO VALLEY (ZONE),08/29/2017
016,Central Sacramento Valley,Nevada,057,39.3764,-121.926,CENTRAL SACRAMENTO VALLEY (ZONE),10/08/2017
016,Central Sacramento Valley,Nevada,057,39.3764,-121.926,CENTRAL SACRAMENTO VALLEY (ZONE),06/09/2018
016,Central Sacramento Valley,Sutter,101,39.3764,-121.926,CENTRAL SACRAMENTO VALLEY (ZONE),07/07/2017
016,Central Sacramento Valley,Sutter,101,39.3764,-121.926,CENTRAL SACRAMENTO VALLEY (ZONE),08/29/2017
016,Central Sacramento Valley,Sutter,101,39.3764,-121.926,CENTRAL SACRAMENTO VALLEY (ZONE),10/08/2017
016,Central Sacramento Valley,Sutter,101,39.3764,-121.926,CENTRAL SACRAMENTO VALLEY (ZONE),06/09/2018
016,Central Sacramento Valley,Yuba,115,39.3764,-121.926,CENTRAL SACRAMENTO VALLEY (ZONE),07/07/2017
016,Central Sacramento Valley,Yuba,115,39.3764,-121.926,CENTRAL SACRAMENTO VALLEY (ZONE),08/29/2017
016,Central Sacramento Valley,Yuba,115,39.3764,-121.926,CENTRAL SACRAMENTO VALLEY (ZONE),10/08/2017
016,Central Sacramento Valley,Yuba,115,39.3764,-121.926,CENTRAL SACRAMENTO VALLEY (ZONE),06/09/2018
017,Southern Sacramento Valley,Amador,005,38.6268,-121.5625,SOUTHERN SACRAMENTO VALLEY (ZONE),07/27/2015
017,Southern Sacramento Valley,Amador,005,38.6268,-121.5625,SOUTHERN SACRAMENTO VALLEY (ZONE),06/08/2019
017,Southern Sacramento Valley,El Dorado,017,38.6268,-121.5625,SOUTHERN SACRAMENTO VALLEY (ZONE),07/27/2015
017,Southern Sacramento Valley,El Dorado,017,38.6268,-121.5625,SOUTHERN SACRAMENTO VALLEY (ZONE),06/08/2019
017,Southern Sacramento Valley,Placer,061,38.6268,-121.5625,SOUTHERN SACRAMENTO VALLEY (ZONE),07/27/2015
017,Southern Sacramento Valley,Placer,061,38.6268,-121.5625,SOUTHERN SACRAMENTO VALLEY (ZONE),06/08/2019
017,Southern Sacramento Valley,Sacramento,067,38.6268,-121.5625,SOUTHERN SACRAMENTO VALLEY (ZONE),07/27/2015
017,Southern Sacramento Valley,Sacramento,067,38.6268,-121.5625,SOUTHERN SACRAMENTO VALLEY (ZONE),06/08/2019
017,Southern Sacramento Valley,Solano,095,38.6268,-121.5625,SOUTHERN SACRAMENTO VALLEY (ZONE),07/27/2015
017,Southern Sacramento Valley,Solano,095,38.6268,-121.5625,SOUTHERN SACRAMENTO VALLEY (ZONE),06/08/2019
017,Southern Sacramento Valley,Sutter,101,38.6268,-121.5625,SOUTHERN SACRAMENTO VALLEY (ZONE),07/27/2015
017,Southern Sacramento Valley,Sutter,101,38.6268,-121.5625,SOUTHERN SACRAMENTO VALLEY (ZONE),06/08/2019
017,Southern Sacramento Valley,Yolo,113,38.6268,-121.5625,SOUTHERN SACRAMENTO VALLEY (ZONE),07/27/2015
017,Southern Sacramento Valley,Yolo,113,38.6268,-121.5625,SOUTHERN SACRAMENTO VALLEY (ZONE),06/08/2019
018,Carquinez Strait and Delta,Sacramento,067,38.1432,-121.7623,CARQUINEZ STRAIT AND DELTA (ZONE),07/04/2014
018,Carquinez Strait and Delta,Sacramento,067,38.1432,-121.7623,CARQUINEZ STRAIT AND DELTA (ZONE),07/22/2015
018,Carquinez Strait and Delta,Sacramento,067,38.1432,-121.7623,CARQUINEZ STRAIT AND DELTA (ZONE),09/23/2017
018,Carquinez Strait and Delta,Sacramento,067,38.1432,-121.7623,CARQUINEZ STRAIT AND DELTA (ZONE),10/08/2017
018,Carquinez Strait and Delta,Sacramento,067,38.1432,-121.7623,CARQUINEZ STRAIT AND DELTA (ZONE),06/30/2018
018,Carquinez Strait and Delta,San Joaquin,077,38.1432,-121.7623,CARQUINEZ STRAIT AND DELTA (ZONE),07/04/2014
018,Carquinez Strait and Delta,San Joaquin,077,38.1432,-121.7623,CARQUINEZ STRAIT AND DELTA (ZONE),07/22/2015
018,Carquinez Strait and Delta,San Joaquin,077,38.1432,-121.7623,CARQUINEZ STRAIT AND DELTA (ZONE),09/23/2017
018,Carquinez Strait and Delta,San Joaquin,077,38.1432,-121.7623,CARQUINEZ STRAIT AND DELTA (ZONE),10/08/2017
018,Carquinez Strait and Delta,San Joaquin,077,38.1432,-121.7623,CARQUINEZ STRAIT AND DELTA (ZONE),06/30/2018
018,Carquinez Strait and Delta,Solano,095,38.1432,-121.7623,CARQUINEZ STRAIT AND DELTA (ZONE),07/04/2014
018,Carquinez Strait and Delta,Solano,095,38.1432,-121.7623,CARQUINEZ STRAIT AND DELTA (ZONE),07/22/2015
018,Carquinez Strait and Delta,Solano,095,38.1432,-121.7623,CARQUINEZ STRAIT AND DELTA (ZONE),09/23/2017
018,Carquinez Strait and Delta,Solano,095,38.1432,-121.7623,CARQUINEZ STRAIT AND DELTA (ZONE),10/08/2017
018,Carquinez Strait and Delta,Solano,095,38.1432,-121.7623,CARQUINEZ STRAIT AND DELTA (ZONE),06/30/2018
019,Northern San Joaquin Valley,Amador,005,37.7581,-121.041,NORTHERN SAN JOAQUIN VALLEY (ZONE),06/25/2019
019,Northern San Joaquin Valley,Calaveras,009,37.7581,-121.041,NORTHERN SAN JOAQUIN VALLEY (ZONE),06/25/2019
019,Northern San Joaquin Valley,San Joaquin,077,37.7581,-121.041,NORTHERN SAN JOAQUIN VALLEY (ZONE),06/25/2019
019,Northern San Joaquin Valley,Stanislaus,099,37.7581,-121.041,NORTHERN SAN JOAQUIN VALLEY (ZONE),06/25/2019
019,Northern San Joaquin Valley,Tuolumne,109,37.7581,-121.041,NORTHERN SAN JOAQUIN VALLEY (ZONE),06/25/2019
034,San Luis Obispo County Central Coast,San Luis Obispo,079,35.327,-120.7407,SAN LUIS OBISPO COUNTY CENTRAL COAST (ZONE),07/06/2017
035,Santa Barbara County Central Coast,Santa Barbara,083,34.7217,-120.4263,SANTA BARBARA COUNTY CENTRAL COAST (ZONE),09/17/2016
036,Santa Ynez Valley,Santa Barbara,083,34.6833,-120.0816,SANTA YNEZ VALLEY (ZONE),07/06/2017
036,Santa Ynez Valley,Santa Barbara,083,34.6833,-120.0816,SANTA YNEZ VALLEY (ZONE),07/08/2017
037,San Luis Obispo County Interior Valleys,San Luis Obispo,079,35.4918,-120.3516,SAN LUIS OBISPO COUNTY INTERIOR VALLEYS (ZONE),08/13/2016
037,San Luis Obispo County Interior Valleys,San Luis Obispo,079,35.4918,-120.3516,SAN LUIS OBISPO COUNTY INTERIOR VALLEYS (ZONE),09/01/2016
038,Cuyama Valley,Santa Barbara,083,34.9422,-119.7374,,
039,Santa Barbara County South Coast,Santa Barbara,083,34.4568,-119.9036,SANTA BARBARA COUNTY SOUTH COAST (ZONE),07/08/2017
039,Santa Barbara County South Coast,Santa Barbara,083,34.4568,-119.9036,SANTA BARBARA COUNTY SOUTH COAST (ZONE),12/04/2017
040,Ventura County Coast,Ventura,111,34.2181,-119.1214,VENTURA COUNTY COAST (ZONE),05/02/2013
040,Ventura County Coast,Ventura,111,34.2181,-119.1214,VENTURA COUNTY COAST (ZONE),12/04/2017
040,Ventura County Coast,Ventura,111,34.2181,-119.1214,VENTURA COUNTY COAST (ZONE),11/08/2018
040,Ventura County Coast,Ventura,111,34.2181,-119.1214,VENTURA COUNTY COAST (ZONE),11/08/2018
040,Ventura County Coast,Ventura,111,34.2181,-119.1214,VENTURA COUNTY COAST (ZONE),10/31/2019
040,Ventura County Coast,Ventura,111,34.2181,-119.1214,VENTURA COUNTY COAST (ZONE),11/01/2019
041,Los Angeles County Coast including Downtown Los Angeles,Los Angeles,037,33.9281,-118.3004,LOS ANGELES COUNTY COASTS INCLUDING DOWNTOWN LOS ANGELES (ZONE),11/08/2018
043,San Diego County Coastal Areas,San Diego,073,32.9783,-117.2367,SAN DIEGO COUNTY COASTAL AREAS (ZONE),07/13/2010
043,San Diego County Coastal Areas,San Diego,073,32.9783,-117.2367,SAN DIEGO COUNTY COASTAL AREAS (ZONE),10/05/2013
043,San Diego County Coastal Areas,San Diego,073,32.9783,-117.2367,SAN DIEGO COUNTY COASTAL AREAS (ZONE),05/14/2014
043,San Diego County Coastal Areas,San Diego,073,32.9783,-117.2367,SAN DIEGO COUNTY COASTAL AREAS (ZONE),05/14/2014
043,San Diego County Coastal Areas,San Diego,073,32.9783,-117.2367,SAN DIEGO COUNTY COASTAL AREAS (ZONE),05/15/2014
043,San Diego County Coastal Areas,San Diego,073,32.9783,-117.2367,SAN DIEGO COUNTY COASTAL AREAS (ZONE),05/16/2014
044,Ventura County Interior Valleys,Ventura,111,34.3941,-119.1198,VENTURA COUNTY INTERIOR VALLEYS (ZONE),12/04/2017
044,Ventura County Interior Valleys,Ventura,111,34.3941,-119.1198,VENTURA COUNTY INTERIOR VALLEYS (ZONE),10/31/2019
044,Ventura County Interior Valleys,Ventura,111,34.3941,-119.1198,VENTURA COUNTY INTERIOR VALLEYS (ZONE),11/01/2019
045,Ventura County Coastal Valleys,Ventura,111,34.2538,-118.8399,VENTURA COUNTY COASTAL VALLEYS (ZONE),05/02/2013
045,Ventura County Coastal Valleys,Ventura,111,34.2538,-118.8399,VENTURA COUNTY COASTAL VALLEYS (ZONE),11/08/2018
045,Ventura County Coastal Valleys,Ventura,111,34.2538,-118.8399,VENTURA COUNTY COASTAL VALLEYS (ZONE),11/08/2018
045,Ventura County Coastal Valleys,Ventura,111,34.2538,-118.8399,VENTURA COUNTY COASTAL VALLEYS (ZONE),10/30/2019
045,Ventura County Coastal Valleys,Ventura,111,34.2538,-118.8399,VENTURA COUNTY COASTAL VALLEYS (ZONE),10/31/2019
045,Ventura County Coastal Valleys,Ventura,111,34.2538,-118.8399,VENTURA COUNTY COASTAL VALLEYS (ZONE),11/01/2019
045,Ventura County Coastal Valleys,Ventura,111,34.2538,-118.8399,VENTURA COUNTY COASTAL VALLEYS (ZONE),11/01/2019
046,Santa Monica Mountains Recreational Area,Los Angeles,037,34.0839,-118.6898,SANTA MONICA MOUNTAINS RECREATION AREA (ZONE),11/08/2018
046,Santa Monica Mountains Recreational Area,Los Angeles,037,34.0839,-118.6898,SANTA MONICA MOUNTAINS RECREATION AREA (ZONE),10/28/2019
048,San Bernardino and Riverside County Valleys -The Inland Empire,Riverside,065,33.8486,-117.2412,SAN BERNARDINO AND RIVERSIDE COUNTY VALLEYS - THE INLAND EMPIRE (ZONE),05/20/2010
048,San Bernardino and Riverside County Valleys -The Inland Empire,Riverside,065,33.8486,-117.2412,SAN BERNARDINO AND RIVERSIDE COUNTY VALLEYS - THE INLAND EMPIRE (ZONE),07/15/2010
048,San Bernardino and Riverside County Valleys -The Inland Empire,Riverside,065,33.8486,-117.2412,SAN BERNARDINO AND RIVERSIDE COUNTY VALLEYS - THE INLAND EMPIRE (ZONE),07/15/2010
048,San Bernardino and Riverside County Valleys -The Inland Empire,Riverside,065,33.8486,-117.2412,SAN BERNARDINO AND RIVERSIDE COUNTY VALLEYS - THE INLAND EMPIRE (ZONE),07/15/2010
048,San Bernardino and Riverside County Valleys -The Inland Empire,Riverside,065,33.8486,-117.2412,SAN BERNARDINO AND RIVERSIDE COUNTY VALLEYS - THE INLAND EMPIRE (ZONE),07/17/2010
048,San Bernardino and Riverside County Valleys -The Inland Empire,Riverside,065,33.8486,-117.2412,SAN BERNARDINO AND RIVERSIDE COUNTY VALLEYS - THE INLAND EMPIRE (ZONE),08/03/2010
048,San Bernardino and Riverside County Valleys -The Inland Empire,Riverside,065,33.8486,-117.2412,SAN BERNARDINO AND RIVERSIDE COUNTY VALLEYS - THE INLAND EMPIRE (ZONE),08/06/2011
048,San Bernardino and Riverside County Valleys -The Inland Empire,Riverside,065,33.8486,-117.2412,SAN BERNARDINO AND RIVERSIDE COUNTY VALLEYS - THE INLAND EMPIRE (ZONE),06/16/2012
048,San Bernardino and Riverside County Valleys -The Inland Empire,Riverside,065,33.8486,-117.2412,SAN BERNARDINO AND RIVERSIDE COUNTY VALLEYS - THE INLAND EMPIRE (ZONE),06/17/2012
048,San Bernardino and Riverside County Valleys -The Inland Empire,Riverside,065,33.8486,-117.2412,SAN BERNARDINO AND RIVERSIDE COUNTY VALLEYS - THE INLAND EMPIRE (ZONE),08/01/2012
048,San Bernardino and Riverside County Valleys -The Inland Empire,Riverside,065,33.8486,-117.2412,SAN BERNARDINO AND RIVERSIDE COUNTY VALLEYS - THE INLAND EMPIRE (ZONE),08/20/2012
048,San Bernardino and Riverside County Valleys -The Inland Empire,Riverside,065,33.8486,-117.2412,SAN BERNARDINO AND RIVERSIDE COUNTY VALLEYS - THE INLAND EMPIRE (ZONE),09/06/2012
048,San Bernardino and Riverside County Valleys -The Inland Empire,Riverside,065,33.8486,-117.2412,SAN BERNARDINO AND RIVERSIDE COUNTY VALLEYS - THE INLAND EMPIRE (ZONE),03/01/2013
048,San Bernardino and Riverside County Valleys -The Inland Empire,Riverside,065,33.8486,-117.2412,SAN BERNARDINO AND RIVERSIDE COUNTY VALLEYS - THE INLAND EMPIRE (ZONE),05/01/2013
048,San Bernardino and Riverside County Valleys -The Inland Empire,Riverside,065,33.8486,-117.2412,SAN BERNARDINO AND RIVERSIDE COUNTY VALLEYS - THE INLAND EMPIRE (ZONE),05/02/2013
048,San Bernardino and Riverside County Valleys -The Inland Empire,Riverside,065,33.8486,-117.2412,SAN BERNARDINO AND RIVERSIDE COUNTY VALLEYS - THE INLAND EMPIRE (ZONE),04/30/2014
048,San Bernardino and Riverside County Valleys -The Inland Empire,Riverside,065,33.8486,-117.2412,SAN BERNARDINO AND RIVERSIDE COUNTY VALLEYS - THE INLAND EMPIRE (ZONE),05/01/2014
048,San Bernardino and Riverside County Valleys -The Inland Empire,Riverside,065,33.8486,-117.2412,SAN BERNARDINO AND RIVERSIDE COUNTY VALLEYS - THE INLAND EMPIRE (ZONE),07/18/2016
048,San Bernardino and Riverside County Valleys -The Inland Empire,Riverside,065,33.8486,-117.2412,SAN BERNARDINO AND RIVERSIDE COUNTY VALLEYS - THE INLAND EMPIRE (ZONE),04/30/2017
048,San Bernardino and Riverside County Valleys -The Inland Empire,Riverside,065,33.8486,-117.2412,SAN BERNARDINO AND RIVERSIDE COUNTY VALLEYS - THE INLAND EMPIRE (ZONE),05/17/2018
048,San Bernardino and Riverside County Valleys -The Inland Empire,Riverside,065,33.8486,-117.2412,SAN BERNARDINO AND RIVERSIDE COUNTY VALLEYS - THE INLAND EMPIRE (ZONE),08/15/2019
048,San Bernardino and Riverside County Valleys -The Inland Empire,Riverside,065,33.8486,-117.2412,SAN BERNARDINO AND RIVERSIDE COUNTY VALLEYS - THE INLAND EMPIRE (ZONE),09/04/2019
048,San Bernardino and Riverside County Valleys -The Inland Empire,Riverside,065,33.8486,-117.2412,SAN BERNARDINO AND RIVERSIDE COUNTY VALLEYS - THE INLAND EMPIRE (ZONE),09/14/2019
048,San Bernardino and Riverside County Valleys -The Inland Empire,Riverside,065,33.8486,-117.2412,SAN BERNARDINO AND RIVERSIDE COUNTY VALLEYS - THE INLAND EMPIRE (ZONE),10/10/2019
048,San Bernardino and Riverside County Valleys -The Inland Empire,Riverside,065,33.8486,-117.2412,SAN BERNARDINO AND RIVERSIDE COUNTY VALLEYS - THE INLAND EMPIRE (ZONE),10/10/2019
048,San Bernardino and Riverside County Valleys -The Inland Empire,Riverside,065,33.8486,-117.2412,SAN BERNARDINO AND RIVERSIDE COUNTY VALLEYS - THE INLAND EMPIRE (ZONE),10/30/2019
048,San Bernardino and Riverside County Valleys -The Inland Empire,Riverside,065,33.8486,-117.2412,SAN BERNARDINO AND RIVERSIDE COUNTY VALLEYS - THE INLAND EMPIRE (ZONE),10/30/2019
048,San Bernardino and Riverside County Valleys -The Inland Empire,Riverside,065,33.8486,-117.2412,SAN BERNARDINO AND RIVERSIDE COUNTY VALLEYS - THE INLAND EMPIRE (ZONE),10/30/2019
048,San Bernardino and Riverside County Valleys -The Inland Empire,Riverside,065,33.8486,-117.2412,SAN BERNARDINO AND RIVERSIDE COUNTY VALLEYS - THE INLAND EMPIRE (ZONE),10/31/2019
048,San Bernardino and Riverside County Valleys -The Inland Empire,Riverside,065,33.8486,-117.2412,SAN BERNARDINO AND RIVERSIDE COUNTY VALLEYS - THE INLAND EMPIRE (ZONE),10/31/2019
048,San Bernardino and Riverside County Valleys -The Inland Empire,San Bernardino,071,33.8486,-117.2412,SAN BERNARDINO AND RIVERSIDE COUNTY VALLEYS - THE INLAND EMPIRE (ZONE),05/20/2010
048,San Bernardino and Riverside County Valleys -The Inland Empire,San Bernardino,071,33.8486,-117.2412,SAN BERNARDINO AND RIVERSIDE COUNTY VALLEYS - THE INLAND EMPIRE (ZONE),07/15/2010
048,San Bernardino and Riverside County Valleys -The Inland Empire,San Bernardino,071,33.8486,-117.2412,SAN BERNARDINO AND RIVERSIDE COUNTY VALLEYS - THE INLAND EMPIRE (ZONE),07/15/2010
048,San Bernardino and Riverside County Valleys -The Inland Empire,San Bernardino,071,33.8486,-117.2412,SAN BERNARDINO AND RIVERSIDE COUNTY VALLEYS - THE INLAND EMPIRE (ZONE),07/15/2010
048,San Bernardino and Riverside County Valleys -The Inland Empire,San Bernardino,071,33.8486,-117.2412,SAN BERNARDINO AND RIVERSIDE COUNTY VALLEYS - THE INLAND EMPIRE (ZONE),07/17/2010
048,San Bernardino and Riverside County Valleys -The Inland Empire,San Bernardino,071,33.8486,-117.2412,SAN BERNARDINO AND RIVERSIDE COUNTY VALLEYS - THE INLAND EMPIRE (ZONE),08/03/2010
048,San Bernardino and Riverside County Valleys -The Inland Empire,San Bernardino,071,33.8486,-117.2412,SAN BERNARDINO AND RIVERSIDE COUNTY VALLEYS - THE INLAND EMPIRE (ZONE),08/06/2011
048,San Bernardino and Riverside County Valleys -The Inland Empire,San Bernardino,071,33.8486,-117.2412,SAN BERNARDINO AND RIVERSIDE COUNTY VALLEYS - THE INLAND EMPIRE (ZONE),06/16/2012
048,San Bernardino and Riverside County Valleys -The Inland Empire,San Bernardino,071,33.8486,-117.2412,SAN BERNARDINO AND RIVERSIDE COUNTY VALLEYS - THE INLAND EMPIRE (ZONE),06/17/2012
048,San Bernardino and Riverside County Valleys -The Inland Empire,San Bernardino,071,33.8486,-117.2412,SAN BERNARDINO AND RIVERSIDE COUNTY VALLEYS - THE INLAND EMPIRE (ZONE),08/01/2012
048,San Bernardino and Riverside County Valleys -The Inland Empire,San Bernardino,071,33.8486,-117.2412,SAN BERNARDINO AND RIVERSIDE COUNTY VALLEYS - THE INLAND EMPIRE (ZONE),08/20/2012
048,San Bernardino and Riverside County Valleys -The Inland Empire,San Bernardino,071,33.8486,-117.2412,SAN BERNARDINO AND RIVERSIDE COUNTY VALLEYS - THE INLAND EMPIRE (ZONE),09/06/2012
048,San Bernardino and Riverside County Valleys -The Inland Empire,San Bernardino,071,33.8486,-117.2412,SAN BERNARDINO AND RIVERSIDE COUNTY VALLEYS - THE INLAND EMPIRE (ZONE),03/01/2013
048,San Bernardino and Riverside County Valleys -The Inland Empire,San Bernardino,071,33.8486,-117.2412,SAN BERNARDINO AND RIVERSIDE COUNTY VALLEYS - THE INLAND EMPIRE (ZONE),05/01/2013
048,San Bernardino and Riverside County Valleys -The Inland Empire,San Bernardino,071,33.8486,-117.2412,SAN BERNARDINO AND RIVERSIDE COUNTY VALLEYS - THE INLAND EMPIRE (ZONE),05/02/2013
048,San Bernardino and Riverside County Valleys -The Inland Empire,San Bernardino,071,33.8486,-117.2412,SAN BERNARDINO AND RIVERSIDE COUNTY VALLEYS - THE INLAND EMPIRE (ZONE),04/30/2014
048,San Bernardino and Riverside County Valleys -The Inland Empire,San Bernardino,071,33.8486,-117.2412,SAN BERNARDINO AND RIVERSIDE COUNTY VALLEYS - THE INLAND EMPIRE (ZONE),05/01/2014
048,San Bernardino and Riverside County Valleys -The Inland Empire,San Bernardino,071,33.8486,-117.2412,SAN BERNARDINO AND RIVERSIDE COUNTY VALLEYS - THE INLAND EMPIRE (ZONE),07/18/2016
048,San Bernardino and Riverside County Valleys -The Inland Empire,San Bernardino,071,33.8486,-117.2412,SAN BERNARDINO AND RIVERSIDE COUNTY VALLEYS - THE INLAND EMPIRE (ZONE),04/30/2017
048,San Bernardino and Riverside County Valleys -The Inland Empire,San Bernardino,071,33.8486,-117.2412,SAN BERNARDINO AND RIVERSIDE COUNTY VALLEYS - THE INLAND EMPIRE (ZONE),05/17/2018
048,San Bernardino and Riverside County Valleys -The Inland Empire,San Bernardino,071,33.8486,-117.2412,SAN BERNARDINO AND RIVERSIDE COUNTY VALLEYS - THE INLAND EMPIRE (ZONE),08/15/2019
048,San Bernardino and Riverside County Valleys -The Inland Empire,San Bernardino,071,33.8486,-117.2412,SAN BERNARDINO AND RIVERSIDE COUNTY VALLEYS - THE INLAND EMPIRE (ZONE),09/04/2019
048,San Bernardino and Riverside County Valleys -The Inland Empire,San Bernardino,071,33.8486,-117.2412,SAN BERNARDINO AND RIVERSIDE COUNTY VALLEYS - THE INLAND EMPIRE (ZONE),09/14/2019
048,San Bernardino and Riverside County Valleys -The Inland Empire,San Bernardino,071,33.8486,-117.2412,SAN BERNARDINO AND RIVERSIDE COUNTY VALLEYS - THE INLAND EMPIRE (ZONE),10/10/2019
048,San Bernardino and Riverside County Valleys -The Inland Empire,San Bernardino,071,33.8486,-117.2412,SAN BERNARDINO AND RIVERSIDE COUNTY VALLEYS - THE INLAND EMPIRE (ZONE),10/10/2019
048,San Bernardino and Riverside County Valleys -The Inland Empire,San Bernardino,071,33.8486,-117.2412,SAN BERNARDINO AND RIVERSIDE COUNTY VALLEYS - THE INLAND EMPIRE (ZONE),10/30/2019
048,San Bernardino and Riverside County Valleys -The Inland Empire,San Bernardino,071,33.8486,-117.2412,SAN BERNARDINO AND RIVERSIDE COUNTY VALLEYS - THE INLAND EMPIRE (ZONE),10/30/2019
048,San Bernardino and Riverside County Valleys -The Inland Empire,San Bernardino,071,33.8486,-117.2412,SAN BERNARDINO AND RIVERSIDE COUNTY VALLEYS - THE INLAND EMPIRE (ZONE),10/30/2019
048,San Bernardino and Riverside County Valleys -The Inland Empire,San Bernardino,071,33.8486,-117.2412,SAN BERNARDINO AND RIVERSIDE COUNTY VALLEYS - THE INLAND EMPIRE (ZONE),10/31/2019
048,San Bernardino and Riverside County Valleys -The Inland Empire,San Bernardino,071,33.8486,-117.2412,SAN BERNARDINO AND RIVERSIDE COUNTY VALLEYS - THE INLAND EMPIRE (ZONE),10/31/2019
050,San Diego County Valleys,San Diego,073,33.0047,-116.9604,SAN DIEGO COUNTY VALLEYS (ZONE),05/13/2014
050,San Diego County Valleys,San Diego,073,33.0047,-116.9604,SAN DIEGO COUNTY VALLEYS (ZONE),05/14/2014
050,San Diego County Valleys,San Diego,073,33.0047,-116.9604,SAN DIEGO COUNTY VALLEYS (ZONE),05/14/2014
050,San Diego County Valleys,San Diego,073,33.0047,-116.9604,SAN DIEGO COUNTY VALLEYS (ZONE),05/14/2014
050,San Diego County Valleys,San Diego,073,33.0047,-116.9604,SAN DIEGO COUNTY VALLEYS (ZONE),06/19/2016
050,San Diego County Valleys,San Diego,073,33.0047,-116.9604,SAN DIEGO COUNTY VALLEYS (ZONE),07/21/2016
050,San Diego County Valleys,San Diego,073,33.0047,-116.9604,SAN DIEGO COUNTY VALLEYS (ZONE),12/07/2017
050,San Diego County Valleys,San Diego,073,33.0047,-116.9604,SAN DIEGO COUNTY VALLEYS (ZONE),10/25/2019
051,San Luis Obispo County Mountains,San Luis Obispo,079,35.1415,-120.0448,SAN LUIS OBISPO COUNTY MOUNTAINS (ZONE),07/06/2017
052,Santa Barbara County Mountains,Santa Barbara,083,34.7466,-119.8211,SANTA BARBARA COUNTY MOUNTAINS (ZONE),06/15/2016
052,Santa Barbara County Mountains,Santa Barbara,083,34.7466,-119.8211,SANTA BARBARA COUNTY MOUNTAINS (ZONE),07/01/2016
052,Santa Barbara County Mountains,Santa Barbara,083,34.7466,-119.8211,SANTA BARBARA COUNTY MOUNTAINS (ZONE),07/01/2016
052,Santa Barbara County Mountains,Santa Barbara,083,34.7466,-119.8211,SANTA BARBARA COUNTY MOUNTAINS (ZONE),08/18/2016
052,Santa Barbara County Mountains,Santa Barbara,083,34.7466,-119.8211,SANTA BARBARA COUNTY MOUNTAINS (ZONE),09/01/2016
052,Santa Barbara County Mountains,Santa Barbara,083,34.7466,-119.8211,SANTA BARBARA COUNTY MOUNTAINS (ZONE),07/06/2017
052,Santa Barbara County Mountains,Santa Barbara,083,34.7466,-119.8211,SANTA BARBARA COUNTY MOUNTAINS (ZONE),07/08/2017
052,Santa Barbara County Mountains,Santa Barbara,083,34.7466,-119.8211,SANTA BARBARA COUNTY MOUNTAINS (ZONE),12/04/2017
053,Ventura County Mountains,Ventura,111,34.6292,-119.1351,VENTURA COUNTY MOUNTAINS (ZONE),05/15/2013
053,Ventura County Mountains,Ventura,111,34.6292,-119.1351,VENTURA COUNTY MOUNTAINS (ZONE),06/30/2016
053,Ventura County Mountains,Ventura,111,34.6292,-119.1351,VENTURA COUNTY MOUNTAINS (ZONE),12/04/2017
054,Los Angeles County Mountains excluding the Santa Monica Range,Los Angeles,037,34.4294,-118.223,LOS ANGELES COUNTY MOUNTAINS EXCLUDING THE SANTA MONICA RANGE (ZONE),05/30/2013
054,Los Angeles County Mountains excluding the Santa Monica Range,Los Angeles,037,34.4294,-118.223,LOS ANGELES COUNTY MOUNTAINS EXCLUDING THE SANTA MONICA RANGE (ZONE),06/01/2013
054,Los Angeles County Mountains excluding the Santa Monica Range,Los Angeles,037,34.4294,-118.223,LOS ANGELES COUNTY MOUNTAINS EXCLUDING THE SANTA MONICA RANGE (ZONE),01/16/2014
054,Los Angeles County Mountains excluding the Santa Monica Range,Los Angeles,037,34.4294,-118.223,LOS ANGELES COUNTY MOUNTAINS EXCLUDING THE SANTA MONICA RANGE (ZONE),06/20/2016
054,Los Angeles County Mountains excluding the Santa Monica Range,Los Angeles,037,34.4294,-118.223,LOS ANGELES COUNTY MOUNTAINS EXCLUDING THE SANTA MONICA RANGE (ZONE),07/01/2016
054,Los Angeles County Mountains excluding the Santa Monica Range,Los Angeles,037,34.4294,-118.223,LOS ANGELES COUNTY MOUNTAINS EXCLUDING THE SANTA MONICA RANGE (ZONE),07/09/2016
054,Los Angeles County Mountains excluding the Santa Monica Range,Los Angeles,037,34.4294,-118.223,LOS ANGELES COUNTY MOUNTAINS EXCLUDING THE SANTA MONICA RANGE (ZONE),07/22/2016
054,Los Angeles County Mountains excluding the Santa Monica Range,Los Angeles,037,34.4294,-118.223,LOS ANGELES COUNTY MOUNTAINS EXCLUDING THE SANTA MONICA RANGE (ZONE),08/01/2016
054,Los Angeles County Mountains excluding the Santa Monica Range,Los Angeles,037,34.4294,-118.223,LOS ANGELES COUNTY MOUNTAINS EXCLUDING THE SANTA MONICA RANGE (ZONE),06/04/2018
054,Los Angeles County Mountains excluding the Santa Monica Range,Los Angeles,037,34.4294,-118.223,LOS ANGELES COUNTY MOUNTAINS EXCLUDING THE SANTA MONICA RANGE (ZONE),10/10/2019
054,Los Angeles County Mountains excluding the Santa Monica Range,Los Angeles,037,34.4294,-118.223,LOS ANGELES COUNTY MOUNTAINS EXCLUDING THE SANTA MONICA RANGE (ZONE),10/24/2019
055,San Bernardino County Mountains,San Bernardino,071,34.2304,-117.0957,SAN BERNARDINO COUNTY MOUNTAINS (ZONE),08/26/2010
055,San Bernardino County Mountains,San Bernardino,071,34.2304,-117.0957,SAN BERNARDINO COUNTY MOUNTAINS (ZONE),08/22/2011
055,San Bernardino County Mountains,San Bernardino,071,34.2304,-117.0957,SAN BERNARDINO COUNTY MOUNTAINS (ZONE),08/27/2011
055,San Bernardino County Mountains,San Bernardino,071,34.2304,-117.0957,SAN BERNARDINO COUNTY MOUNTAINS (ZONE),01/12/2012
055,San Bernardino County Mountains,San Bernardino,071,34.2304,-117.0957,SAN BERNARDINO COUNTY MOUNTAINS (ZONE),11/05/2012
055,San Bernardino County Mountains,San Bernardino,071,34.2304,-117.0957,SAN BERNARDINO COUNTY MOUNTAINS (ZONE),06/09/2013
055,San Bernardino County Mountains,San Bernardino,071,34.2304,-117.0957,SAN BERNARDINO COUNTY MOUNTAINS (ZONE),06/28/2013
055,San Bernardino County Mountains,San Bernardino,071,34.2304,-117.0957,SAN BERNARDINO COUNTY MOUNTAINS (ZONE),08/19/2013
055,San Bernardino County Mountains,San Bernardino,071,34.2304,-117.0957,SAN BERNARDINO COUNTY MOUNTAINS (ZONE),09/24/2013
055,San Bernardino County Mountains,San Bernardino,071,34.2304,-117.0957,SAN BERNARDINO COUNTY MOUNTAINS (ZONE),06/17/2015
055,San Bernardino County Mountains,San Bernardino,071,34.2304,-117.0957,SAN BERNARDINO COUNTY MOUNTAINS (ZONE),07/17/2015
055,San Bernardino County Mountains,San Bernardino,071,34.2304,-117.0957,SAN BERNARDINO COUNTY MOUNTAINS (ZONE),08/07/2016
055,San Bernardino County Mountains,San Bernardino,071,34.2304,-117.0957,SAN BERNARDINO COUNTY MOUNTAINS (ZONE),08/16/2016
055,San Bernardino County Mountains,San Bernardino,071,34.2304,-117.0957,SAN BERNARDINO COUNTY MOUNTAINS (ZONE),04/30/2017
056,Riverside County Mountains,Riverside,065,33.66,-116.6434,RIVERSIDE COUNTY MOUNTAINS (ZONE),07/15/2010
056,Riverside County Mountains,Riverside,065,33.66,-116.6434,RIVERSIDE COUNTY MOUNTAINS (ZONE),08/14/2012
056,Riverside County Mountains,Riverside,065,33.66,-116.6434,RIVERSIDE COUNTY MOUNTAINS (ZONE),07/15/2013
056,Riverside County Mountains,Riverside,065,33.66,-116.6434,RIVERSIDE COUNTY MOUNTAINS (ZONE),08/07/2013
056,Riverside County Mountains,Riverside,065,33.66,-116.6434,RIVERSIDE COUNTY MOUNTAINS (ZONE),07/25/2018
056,Riverside County Mountains,Riverside,065,33.66,-116.6434,RIVERSIDE COUNTY MOUNTAINS (ZONE),08/01/2018
057,Santa Ana Mountains and Foothills,Orange,059,33.6256,-117.455,SANTA ANA MOUNTAINS AND FOOTHILLS (ZONE),09/23/2010
057,Santa Ana Mountains and Foothills,Orange,059,33.6256,-117.455,SANTA ANA MOUNTAINS AND FOOTHILLS (ZONE),08/05/2013
057,Santa Ana Mountains and Foothills,Orange,059,33.6256,-117.455,SANTA ANA MOUNTAINS AND FOOTHILLS (ZONE),09/12/2014
057,Santa Ana Mountains and Foothills,Orange,059,33.6256,-117.455,SANTA ANA MOUNTAINS AND FOOTHILLS (ZONE),09/25/2017
057,Santa Ana Mountains and Foothills,Orange,059,33.6256,-117.455,SANTA ANA MOUNTAINS AND FOOTHILLS (ZONE),08/06/2018
057,Santa Ana Mountains and Foothills,Riverside,065,33.6256,-117.455,SANTA ANA MOUNTAINS AND FOOTHILLS (ZONE),09/23/2010
057,Santa Ana Mountains and Foothills,Riverside,065,33.6256,-117.455,SANTA ANA MOUNTAINS AND FOOTHILLS (ZONE),08/05/2013
057,Santa Ana Mountains and Foothills,Riverside,065,33.6256,-117.455,SANTA ANA MOUNTAINS AND FOOTHILLS (ZONE),09/12/2014
057,Santa Ana Mountains and Foothills,Riverside,065,33.6256,-117.455,SANTA ANA MOUNTAINS AND FOOTHILLS (ZONE),09/25/2017
057,Santa Ana Mountains and Foothills,Riverside,065,33.6256,-117.455,SANTA ANA MOUNTAINS AND FOOTHILLS (ZONE),08/06/2018
057,Santa Ana Mountains and Foothills,San Diego,073,33.6256,-117.455,SANTA ANA MOUNTAINS AND FOOTHILLS (ZONE),09/23/2010
057,Santa Ana Mountains and Foothills,San Diego,073,33.6256,-117.455,SANTA ANA MOUNTAINS AND FOOTHILLS (ZONE),08/05/2013
057,Santa Ana Mountains and Foothills,San Diego,073,33.6256,-117.455,SANTA ANA MOUNTAINS AND FOOTHILLS (ZONE),09/12/2014
057,Santa Ana Mountains and Foothills,San Diego,073,33.6256,-117.455,SANTA ANA MOUNTAINS AND FOOTHILLS (ZONE),09/25/2017
057,Santa Ana Mountains and Foothills,San Diego,073,33.6256,-117.455,SANTA ANA MOUNTAINS AND FOOTHILLS (ZONE),08/06/2018
058,San Diego County Mountains,San Diego,073,33.0713,-116.5324,SAN DIEGO COUNTY MOUNTAINS (ZONE),07/21/2011
058,San Diego County Mountains,San Diego,073,33.0713,-116.5324,SAN DIEGO COUNTY MOUNTAINS (ZONE),10/01/2011
058,San Diego County Mountains,San Diego,073,33.0713,-116.5324,SAN DIEGO COUNTY MOUNTAINS (ZONE),05/24/2012
058,San Diego County Mountains,San Diego,073,33.0713,-116.5324,SAN DIEGO COUNTY MOUNTAINS (ZONE),06/17/2012
058,San Diego County Mountains,San Diego,073,33.0713,-116.5324,SAN DIEGO COUNTY MOUNTAINS (ZONE),08/09/2012
058,San Diego County Mountains,San Diego,073,33.0713,-116.5324,SAN DIEGO COUNTY MOUNTAINS (ZONE),08/12/2012
058,San Diego County Mountains,San Diego,073,33.0713,-116.5324,SAN DIEGO COUNTY MOUNTAINS (ZONE),09/23/2012
058,San Diego County Mountains,San Diego,073,33.0713,-116.5324,SAN DIEGO COUNTY MOUNTAINS (ZONE),07/06/2013
058,San Diego County Mountains,San Diego,073,33.0713,-116.5324,SAN DIEGO COUNTY MOUNTAINS (ZONE),07/03/2014
058,San Diego County Mountains,San Diego,073,33.0713,-116.5324,SAN DIEGO COUNTY MOUNTAINS (ZONE),07/24/2015
058,San Diego County Mountains,San Diego,073,33.0713,-116.5324,SAN DIEGO COUNTY MOUNTAINS (ZONE),07/06/2018
059,Antelope Valley,Los Angeles,037,34.6664,-118.0679,ANTELOPE VALLEY (ZONE),05/30/2013
059,Antelope Valley,Los Angeles,037,34.6664,-118.0679,ANTELOPE VALLEY (ZONE),06/01/2013
060,Apple and Lucerne Valleys,San Bernardino,071,34.5427,-117.0143,APPLE AND LUCERNE VALLEYS (ZONE),09/02/2011
060,Apple and Lucerne Valleys,San Bernardino,071,34.5427,-117.0143,APPLE AND LUCERNE VALLEYS (ZONE),05/19/2017
061,Coachella Valley,Riverside,065,33.7424,-116.3024,COACHELLA VALLEY (ZONE),09/24/2011
061,Coachella Valley,Riverside,065,33.7424,-116.3024,COACHELLA VALLEY (ZONE),03/15/2014
061,Coachella Valley,Riverside,065,33.7424,-116.3024,COACHELLA VALLEY (ZONE),06/23/2018
061,Coachella Valley,Riverside,065,33.7424,-116.3024,COACHELLA VALLEY (ZONE),07/23/2018
062,San Diego County Deserts,San Diego,073,33.0511,-116.2536,,
063,Mountains Southwestern Shasta County to Western Colusa County,Colusa,011,39.8175,-122.7565,MOUNTAINS SOUTHWEST SHASTA COUNTY TO NORTHERN LAKE COUNTY (ZONE),07/11/2014
063,Mountains Southwestern Shasta County to Western Colusa County,Colusa,011,39.8175,-122.7565,MOUNTAINS SOUTHWEST SHASTA COUNTY TO NORTHERN LAKE COUNTY (ZONE),07/27/2018
063,Mountains Southwestern Shasta County to Western Colusa County,Colusa,011,39.8175,-122.7565,MOUNTAINS SOUTHWEST SHASTA COUNTY TO NORTHERN LAKE COUNTY (ZONE),09/05/2019
063,Mountains Southwestern Shasta County to Western Colusa County,Colusa,011,39.8175,-122.7565,MOUNTAINS SOUTHWEST SHASTA COUNTY TO NORTHERN LAKE COUNTY (ZONE),09/05/2019
063,Mountains Southwestern Shasta County to Western Colusa County,Glenn,021,39.8175,-122.7565,MOUNTAINS SOUTHWEST SHASTA COUNTY TO NORTHERN LAKE COUNTY (ZONE),07/11/2014
063,Mountains Southwestern Shasta County to Western Colusa County,Glenn,021,39.8175,-122.7565,MOUNTAINS SOUTHWEST SHASTA COUNTY TO NORTHERN LAKE COUNTY (ZONE),07/27/2018
063,Mountains Southwestern Shasta County to Western Colusa County,Glenn,021,39.8175,-122.7565,MOUNTAINS SOUTHWEST SHASTA COUNTY TO NORTHERN LAKE COUNTY (ZONE),09/05/2019
063,Mountains Southwestern Shasta County to Western Colusa County,Glenn,021,39.8175,-122.7565,MOUNTAINS SOUTHWEST SHASTA COUNTY TO NORTHERN LAKE COUNTY (ZONE),09/05/2019
063,Mountains Southwestern Shasta County to Western Colusa County,Shasta,089,39.8175,-122.7565,MOUNTAINS SOUTHWEST SHASTA COUNTY TO NORTHERN LAKE COUNTY (ZONE),07/11/2014
063,Mountains Southwestern Shasta County to Western Colusa County,Shasta,089,39.8175,-122.7565,MOUNTAINS SOUTHWEST SHASTA COUNTY TO NORTHERN LAKE COUNTY (ZONE),07/27/2018
063,Mountains Southwestern Shasta County to Western Colusa County,Shasta,089,39.8175,-122.7565,MOUNTAINS SOUTHWEST SHASTA COUNTY TO NORTHERN LAKE COUNTY (ZONE),09/05/2019
063,Mountains Southwestern Shasta County to Western Colusa County,Shasta,089,39.8175,-122.7565,MOUNTAINS SOUTHWEST SHASTA COUNTY TO NORTHERN LAKE COUNTY (ZONE),09/05/2019
063,Mountains Southwestern Shasta County to Western Colusa County,Tehama,103,39.8175,-122.7565,MOUNTAINS SOUTHWEST SHASTA COUNTY TO NORTHERN LAKE COUNTY (ZONE),07/11/2014
063,Mountains Southwestern Shasta County to Western Colusa County,Tehama,103,39.8175,-122.7565,MOUNTAINS SOUTHWEST SHASTA COUNTY TO NORTHERN LAKE COUNTY (ZONE),07/27/2018
063,Mountains Southwestern Shasta County to Western Colusa County,Tehama,103,39.8175,-122.7565,MOUNTAINS SOUTHWEST SHASTA COUNTY TO NORTHERN LAKE COUNTY (ZONE),09/05/2019
063,Mountains Southwestern Shasta County to Western Colusa County,Tehama,103,39.8175,-122.7565,MOUNTAINS SOUTHWEST SHASTA COUNTY TO NORTHERN LAKE COUNTY (ZONE),09/05/2019
065,San Gorgonio Pass Near Banning,Riverside,065,33.7185,-115.2342,,
066,Northeast Foothills/Sacramento Valley,Butte,007,40.1117,-121.7566,NORTHEAST FOOTHILLS/SACRAMENTO VALLEY (ZONE),09/05/2016
066,Northeast Foothills/Sacramento Valley,Butte,007,40.1117,-121.7566,NORTHEAST FOOTHILLS/SACRAMENTO VALLEY (ZONE),11/08/2018
066,Northeast Foothills/Sacramento Valley,Butte,007,40.1117,-121.7566,NORTHEAST FOOTHILLS/SACRAMENTO VALLEY (ZONE),09/07/2019
066,Northeast Foothills/Sacramento Valley,Shasta,089,40.1117,-121.7566,NORTHEAST FOOTHILLS/SACRAMENTO VALLEY (ZONE),09/05/2016
066,Northeast Foothills/Sacramento Valley,Shasta,089,40.1117,-121.7566,NORTHEAST FOOTHILLS/SACRAMENTO VALLEY (ZONE),11/08/2018
066,Northeast Foothills/Sacramento Valley,Shasta,089,40.1117,-121.7566,NORTHEAST FOOTHILLS/SACRAMENTO VALLEY (ZONE),09/07/2019
066,Northeast Foothills/Sacramento Valley,Tehama,103,40.1117,-121.7566,NORTHEAST FOOTHILLS/SACRAMENTO VALLEY (ZONE),09/05/2016
066,Northeast Foothills/Sacramento Valley,Tehama,103,40.1117,-121.7566,NORTHEAST FOOTHILLS/SACRAMENTO VALLEY (ZONE),11/08/2018
066,Northeast Foothills/Sacramento Valley,Tehama,103,40.1117,-121.7566,NORTHEAST FOOTHILLS/SACRAMENTO VALLEY (ZONE),09/07/2019
067,Motherlode,Amador,005,38.6192,-120.7698,MOTHERLODE/CAMPTONVILLE TO GROVELAND (ZONE),07/25/2014
067,Motherlode,Amador,005,38.6192,-120.7698,MOTHERLODE/CAMPTONVILLE TO GROVELAND (ZONE),06/28/2016
067,Motherlode,Amador,005,38.6192,-120.7698,MOTHERLODE/CAMPTONVILLE TO GROVELAND (ZONE),07/01/2016
067,Motherlode,Amador,005,38.6192,-120.7698,MOTHERLODE/CAMPTONVILLE TO GROVELAND (ZONE),07/17/2017
067,Motherlode,Calaveras,009,38.6192,-120.7698,MOTHERLODE/CAMPTONVILLE TO GROVELAND (ZONE),07/25/2014
067,Motherlode,Calaveras,009,38.6192,-120.7698,MOTHERLODE/CAMPTONVILLE TO GROVELAND (ZONE),06/28/2016
067,Motherlode,Calaveras,009,38.6192,-120.7698,MOTHERLODE/CAMPTONVILLE TO GROVELAND (ZONE),07/01/2016
067,Motherlode,Calaveras,009,38.6192,-120.7698,MOTHERLODE/CAMPTONVILLE TO GROVELAND (ZONE),07/17/2017
067,Motherlode,El Dorado,017,38.6192,-120.7698,MOTHERLODE/CAMPTONVILLE TO GROVELAND (ZONE),07/25/2014
067,Motherlode,El Dorado,017,38.6192,-120.7698,MOTHERLODE/CAMPTONVILLE TO GROVELAND (ZONE),06/28/2016
067,Motherlode,El Dorado,017,38.6192,-120.7698,MOTHERLODE/CAMPTONVILLE TO GROVELAND (ZONE),07/01/2016
067,Motherlode,El Dorado,017,38.6192,-120.7698,MOTHERLODE/CAMPTONVILLE TO GROVELAND (ZONE),07/17/2017
067,Motherlode,Nevada,057,38.6192,-120.7698,MOTHERLODE/CAMPTONVILLE TO GROVELAND (ZONE),07/25/2014
067,Motherlode,Nevada,057,38.6192,-120.7698,MOTHERLODE/CAMPTONVILLE TO GROVELAND (ZONE),06/28/2016
067,Motherlode,Nevada,057,38.6192,-120.7698,MOTHERLODE/CAMPTONVILLE TO GROVELAND (ZONE),07/01/2016
067,Motherlode,Nevada,057,38.6192,-120.7698,MOTHERLODE/CAMPTONVILLE TO GROVELAND (ZONE),07/17/2017
067,Motherlode,Placer,061,38.6192,-120.7698,MOTHERLODE/CAMPTONVILLE TO GROVELAND (ZONE),07/25/2014
067,Motherlode,Placer,061,38.6192,-120.7698,MOTHERLODE/CAMPTONVILLE TO GROVELAND (ZONE),06/28/2016
067,Motherlode,Placer,061,38.6192,-120.7698,MOTHERLODE/CAMPTONVILLE TO GROVELAND (ZONE),07/01/2016
067,Motherlode,Placer,061,38.6192,-120.7698,MOTHERLODE/CAMPTONVILLE TO GROVELAND (ZONE),07/17/2017
067,Motherlode,Tuolumne,109,38.6192,-120.7698,MOTHERLODE/CAMPTONVILLE TO GROVELAND (ZONE),07/25/2014
067,Motherlode,Tuolumne,109,38.6192,-120.7698,MOTHERLODE/CAMPTONVILLE TO GROVELAND (ZONE),06/28/2016
067,Motherlode,Tuolumne,109,38.6192,-120.7698,MOTHERLODE/CAMPTONVILLE TO GROVELAND (ZONE),07/01/2016
067,Motherlode,Tuolumne,109,38.6192,-120.7698,MOTHERLODE/CAMPTONVILLE TO GROVELAND (ZONE),07/17/2017
067,Motherlode,Yuba,115,38.6192,-120.7698,MOTHERLODE/CAMPTONVILLE TO GROVELAND (ZONE),07/25/2014
067,Motherlode,Yuba,115,38.6192,-120.7698,MOTHERLODE/CAMPTONVILLE TO GROVELAND (ZONE),06/28/2016
067,Motherlode,Yuba,115,38.6192,-120.7698,MOTHERLODE/CAMPTONVILLE TO GROVELAND (ZONE),07/01/2016
067,Motherlode,Yuba,115,38.6192,-120.7698,MOTHERLODE/CAMPTONVILLE TO GROVELAND (ZONE),07/17/2017
068,Western Plumas County/Lassen Park,Butte,007,40.1971,-121.3501,,
068,Western Plumas County/Lassen Park,Lassen,035,40.1971,-121.3501,,
068,Western Plumas County/Lassen Park,Plumas,063,40.1971,-121.3501,,
068,Western Plumas County/Lassen Park,Shasta,089,40.1971,-121.3501,,
068,Western Plumas County/Lassen Park,Tehama,103,40.1971,-121.3501,,
069,West Slope Northern Sierra Nevada,Alpine,003,38.7829,-120.3423,WEST SLOPE NORTHERN SIERRA NEVADA (ZONE),08/17/2013
069,West Slope Northern Sierra Nevada,Alpine,003,38.7829,-120.3423,WEST SLOPE NORTHERN SIERRA NEVADA (ZONE),09/01/2013
069,West Slope Northern Sierra Nevada,Alpine,003,38.7829,-120.3423,WEST SLOPE NORTHERN SIERRA NEVADA (ZONE),10/01/2013
069,West Slope Northern Sierra Nevada,Alpine,003,38.7829,-120.3423,WEST SLOPE NORTHERN SIERRA NEVADA (ZONE),09/13/2014
069,West Slope Northern Sierra Nevada,Alpine,003,38.7829,-120.3423,WEST SLOPE NORTHERN SIERRA NEVADA (ZONE),07/23/2015
069,West Slope Northern Sierra Nevada,Alpine,003,38.7829,-120.3423,WEST SLOPE NORTHERN SIERRA NEVADA (ZONE),07/25/2015
069,West Slope Northern Sierra Nevada,Alpine,003,38.7829,-120.3423,WEST SLOPE NORTHERN SIERRA NEVADA (ZONE),08/01/2015
069,West Slope Northern Sierra Nevada,Alpine,003,38.7829,-120.3423,WEST SLOPE NORTHERN SIERRA NEVADA (ZONE),09/09/2015
069,West Slope Northern Sierra Nevada,Alpine,003,38.7829,-120.3423,WEST SLOPE NORTHERN SIERRA NEVADA (ZONE),08/01/2018
069,West Slope Northern Sierra Nevada,Alpine,003,38.7829,-120.3423,WEST SLOPE NORTHERN SIERRA NEVADA (ZONE),10/10/2019
069,West Slope Northern Sierra Nevada,Amador,005,38.7829,-120.3423,WEST SLOPE NORTHERN SIERRA NEVADA (ZONE),08/17/2013
069,West Slope Northern Sierra Nevada,Amador,005,38.7829,-120.3423,WEST SLOPE NORTHERN SIERRA NEVADA (ZONE),09/01/2013
069,West Slope Northern Sierra Nevada,Amador,005,38.7829,-120.3423,WEST SLOPE NORTHERN SIERRA NEVADA (ZONE),10/01/2013
069,West Slope Northern Sierra Nevada,Amador,005,38.7829,-120.3423,WEST SLOPE NORTHERN SIERRA NEVADA (ZONE),09/13/2014
069,West Slope Northern Sierra Nevada,Amador,005,38.7829,-120.3423,WEST SLOPE NORTHERN SIERRA NEVADA (ZONE),07/23/2015
069,West Slope Northern Sierra Nevada,Amador,005,38.7829,-120.3423,WEST SLOPE NORTHERN SIERRA NEVADA (ZONE),07/25/2015
069,West Slope Northern Sierra Nevada,Amador,005,38.7829,-120.3423,WEST SLOPE NORTHERN SIERRA NEVADA (ZONE),08/01/2015
069,West Slope Northern Sierra Nevada,Amador,005,38.7829,-120.3423,WEST SLOPE NORTHERN SIERRA NEVADA (ZONE),09/09/2015
069,West Slope Northern Sierra Nevada,Amador,005,38.7829,-120.3423,WEST SLOPE NORTHERN SIERRA NEVADA (ZONE),08/01/2018
069,West Slope Northern Sierra Nevada,Amador,005,38.7829,-120.3423,WEST SLOPE NORTHERN SIERRA NEVADA (ZONE),10/10/2019
069,West Slope Northern Sierra Nevada,Calaveras,009,38.7829,-120.3423,WEST SLOPE NORTHERN SIERRA NEVADA (ZONE),08/17/2013
069,West Slope Northern Sierra Nevada,Calaveras,009,38.7829,-120.3423,WEST SLOPE NORTHERN SIERRA NEVADA (ZONE),09/01/2013
069,West Slope Northern Sierra Nevada,Calaveras,009,38.7829,-120.3423,WEST SLOPE NORTHERN SIERRA NEVADA (ZONE),10/01/2013
069,West Slope Northern Sierra Nevada,Calaveras,009,38.7829,-120.3423,WEST SLOPE NORTHERN SIERRA NEVADA (ZONE),09/13/2014
069,West Slope Northern Sierra Nevada,Calaveras,009,38.7829,-120.3423,WEST SLOPE NORTHERN SIERRA NEVADA (ZONE),07/23/2015
069,West Slope Northern Sierra Nevada,Calaveras,009,38.7829,-120.3423,WEST SLOPE NORTHERN SIERRA NEVADA (ZONE),07/25/2015
069,West Slope Northern Sierra Nevada,Calaveras,009,38.7829,-120.3423,WEST SLOPE NORTHERN SIERRA NEVADA (ZONE),08/01/2015
069,West Slope Northern Sierra Nevada,Calaveras,009,38.7829,-120.3423,WEST SLOPE NORTHERN SIERRA NEVADA (ZONE),09/09/2015
069,West Slope Northern Sierra Nevada,Calaveras,009,38.7829,-120.3423,WEST SLOPE NORTHERN SIERRA NEVADA (ZONE),08/01/2018
069,West Slope Northern Sierra Nevada,Calaveras,009,38.7829,-120.3423,WEST SLOPE NORTHERN SIERRA NEVADA (ZONE),10/10/2019
069,West Slope Northern Sierra Nevada,El Dorado,017,38.7829,-120.3423,WEST SLOPE NORTHERN SIERRA NEVADA (ZONE),08/17/2013
069,West Slope Northern Sierra Nevada,El Dorado,017,38.7829,-120.3423,WEST SLOPE NORTHERN SIERRA NEVADA (ZONE),09/01/2013
069,West Slope Northern Sierra Nevada,El Dorado,017,38.7829,-120.3423,WEST SLOPE NORTHERN SIERRA NEVADA (ZONE),10/01/2013
069,West Slope Northern Sierra Nevada,El Dorado,017,38.7829,-120.3423,WEST SLOPE NORTHERN SIERRA NEVADA (ZONE),09/13/2014
069,West Slope Northern Sierra Nevada,El Dorado,017,38.7829,-120.3423,WEST SLOPE NORTHERN SIERRA NEVADA (ZONE),07/23/2015
069,West Slope Northern Sierra Nevada,El Dorado,017,38.7829,-120.3423,WEST SLOPE NORTHERN SIERRA NEVADA (ZONE),07/25/2015
069,West Slope Northern Sierra Nevada,El Dorado,017,38.7829,-120.3423,WEST SLOPE NORTHERN SIERRA NEVADA (ZONE),08/01/2015
069,West Slope Northern Sierra Nevada,El Dorado,017,38.7829,-120.3423,WEST SLOPE NORTHERN SIERRA NEVADA (ZONE),09/09/2015
069,West Slope Northern Sierra Nevada,El Dorado,017,38.7829,-120.3423,WEST SLOPE NORTHERN SIERRA NEVADA (ZONE),08/01/2018
069,West Slope Northern Sierra Nevada,El Dorado,017,38.7829,-120.3423,WEST SLOPE NORTHERN SIERRA NEVADA (ZONE),10/10/2019
069,West Slope Northern Sierra Nevada,Nevada,057,38.7829,-120.3423,WEST SLOPE NORTHERN SIERRA NEVADA (ZONE),08/17/2013
069,West Slope Northern Sierra Nevada,Nevada,057,38.7829,-120.3423,WEST SLOPE NORTHERN SIERRA NEVADA (ZONE),09/01/2013
069,West Slope Northern Sierra Nevada,Nevada,057,38.7829,-120.3423,WEST SLOPE NORTHERN SIERRA NEVADA (ZONE),10/01/2013
069,West Slope Northern Sierra Nevada,Nevada,057,38.7829,-120.3423,WEST SLOPE NORTHERN SIERRA NEVADA (ZONE),09/13/2014
069,West Slope Northern Sierra Nevada,Nevada,057,38.7829,-120.3423,WEST SLOPE NORTHERN SIERRA NEVADA (ZONE),07/23/2015
069,West Slope Northern Sierra Nevada,Nevada,057,38.7829,-120.3423,WEST SLOPE NORTHERN SIERRA NEVADA (ZONE),07/25/2015
069,West Slope Northern Sierra Nevada,Nevada,057,38.7829,-120.3423,WEST SLOPE NORTHERN SIERRA NEVADA (ZONE),08/01/2015
069,West Slope Northern Sierra Nevada,Nevada,057,38.7829,-120.3423,WEST SLOPE NORTHERN SIERRA NEVADA (ZONE),09/09/2015
069,West Slope Northern Sierra Nevada,Nevada,057,38.7829,-120.3423,WEST SLOPE NORTHERN SIERRA NEVADA (ZONE),08/01/2018
069,West Slope Northern Sierra Nevada,Nevada,057,38.7829,-120.3423,WEST SLOPE NORTHERN SIERRA NEVADA (ZONE),10/10/2019
069,West Slope Northern Sierra Nevada,Placer,061,38.7829,-120.3423,WEST SLOPE NORTHERN SIERRA NEVADA (ZONE),08/17/2013
069,West Slope Northern Sierra Nevada,Placer,061,38.7829,-120.3423,WEST SLOPE NORTHERN SIERRA NEVADA (ZONE),09/01/2013
069,West Slope Northern Sierra Nevada,Placer,061,38.7829,-120.3423,WEST SLOPE NORTHERN SIERRA NEVADA (ZONE),10/01/2013
069,West Slope Northern Sierra Nevada,Placer,061,38.7829,-120.3423,WEST SLOPE NORTHERN SIERRA NEVADA (ZONE),09/13/2014
069,West Slope Northern Sierra Nevada,Placer,061,38.7829,-120.3423,WEST SLOPE NORTHERN SIERRA NEVADA (ZONE),07/23/2015
069,West Slope Northern Sierra Nevada,Placer,061,38.7829,-120.3423,WEST SLOPE NORTHERN SIERRA NEVADA (ZONE),07/25/2015
069,West Slope Northern Sierra Nevada,Placer,061,38.7829,-120.3423,WEST SLOPE NORTHERN SIERRA NEVADA (ZONE),08/01/2015
069,West Slope Northern Sierra Nevada,Placer,061,38.7829,-120.3423,WEST SLOPE NORTHERN SIERRA NEVADA (ZONE),09/09/2015
069,West Slope Northern Sierra Nevada,Placer,061,38.7829,-120.3423,WEST SLOPE NORTHERN SIERRA NEVADA (ZONE),08/01/2018
069,West Slope Northern Sierra Nevada,Placer,061,38.7829,-120.3423,WEST SLOPE NORTHERN SIERRA NEVADA (ZONE),10/10/2019
069,West Slope Northern Sierra Nevada,Sierra,091,38.7829,-120.3423,WEST SLOPE NORTHERN SIERRA NEVADA (ZONE),08/17/2013
069,West Slope Northern Sierra Nevada,Sierra,091,38.7829,-120.3423,WEST SLOPE NORTHERN SIERRA NEVADA (ZONE),09/01/2013
069,West Slope Northern Sierra Nevada,Sierra,091,38.7829,-120.3423,WEST SLOPE NORTHERN SIERRA NEVADA (ZONE),10/01/2013
069,West Slope Northern Sierra Nevada,Sierra,091,38.7829,-120.3423,WEST SLOPE NORTHERN SIERRA NEVADA (ZONE),09/13/2014
069,West Slope Northern Sierra Nevada,Sierra,091,38.7829,-120.3423,WEST SLOPE NORTHERN SIERRA NEVADA (ZONE),07/23/2015
069,West Slope Northern Sierra Nevada,Sierra,091,38.7829,-120.3423,WEST SLOPE NORTHERN SIERRA NEVADA (ZONE),07/25/2015
069,West Slope Northern Sierra Nevada,Sierra,091,38.7829,-120.3423,WEST SLOPE NORTHERN SIERRA NEVADA (ZONE),08/01/2015
069,West Slope Northern Sierra Nevada,Sierra,091,38.7829,-120.3423,WEST SLOPE NORTHERN SIERRA NEVADA (ZONE),09/09/2015
069,West Slope Northern Sierra Nevada,Sierra,091,38.7829,-120.3423,WEST SLOPE NORTHERN SIERRA NEVADA (ZONE),08/01/2018
069,West Slope Northern Sierra Nevada,Sierra,091,38.7829,-120.3423,WEST SLOPE NORTHERN SIERRA NEVADA (ZONE),10/10/2019
069,West Slope Northern Sierra Nevada,Tuolumne,109,38.7829,-120.3423,WEST SLOPE NORTHERN SIERRA NEVADA (ZONE),08/17/2013
069,West Slope Northern Sierra Nevada,Tuolumne,109,38.7829,-120.3423,WEST SLOPE NORTHERN SIERRA NEVADA (ZONE),09/01/2013
069,West Slope Northern Sierra Nevada,Tuolumne,109,38.7829,-120.3423,WEST SLOPE NORTHERN SIERRA NEVADA (ZONE),10/01/2013
069,West Slope Northern Sierra Nevada,Tuolumne,109,38.7829,-120.3423,WEST SLOPE NORTHERN SIERRA NEVADA (ZONE),09/13/2014
069,West Slope Northern Sierra Nevada,Tuolumne,109,38.7829,-120.3423,WEST SLOPE NORTHERN SIERRA NEVADA (ZONE),07/23/2015
069,West Slope Northern Sierra Nevada,Tuolumne,109,38.7829,-120.3423,WEST SLOPE NORTHERN SIERRA NEVADA (ZONE),07/25/2015
069,West Slope Northern Sierra Nevada,Tuolumne,109,38.7829,-120.3423,WEST SLOPE NORTHERN SIERRA NEVADA (ZONE),08/01/2015
069,West Slope Northern Sierra Nevada,Tuolumne,109,38.7829,-120.3423,WEST SLOPE NORTHERN SIERRA NEVADA (ZONE),09/09/2015
069,West Slope Northern Sierra Nevada,Tuolumne,109,38.7829,-120.3423,WEST SLOPE NORTHERN SIERRA NEVADA (ZONE),08/01/2018
069,West Slope Northern Sierra Nevada,Tuolumne,109,38.7829,-120.3423,WEST SLOPE NORTHERN SIERRA NEVADA (ZONE),10/10/2019
069,West Slope Northern Sierra Nevada,Yuba,115,38.7829,-120.3423,WEST SLOPE NORTHERN SIERRA NEVADA (ZONE),08/17/2013
069,West Slope Northern Sierra Nevada,Yuba,115,38.7829,-120.3423,WEST SLOPE NORTHERN SIERRA NEVADA (ZONE),09/01/2013
069,West Slope Northern Sierra Nevada,Yuba,115,38.7829,-120.3423,WEST SLOPE NORTHERN SIERRA NEVADA (ZONE),10/01/2013
069,West Slope Northern Sierra Nevada,Yuba,115,38.7829,-120.3423,WEST SLOPE NORTHERN SIERRA NEVADA (ZONE),09/13/2014
069,West Slope Northern Sierra Nevada,Yuba,115,38.7829,-120.3423,WEST SLOPE NORTHERN SIERRA NEVADA (ZONE),07/23/2015
069,West Slope Northern Sierra Nevada,Yuba,115,38.7829,-120.3423,WEST SLOPE NORTHERN SIERRA NEVADA (ZONE),07/25/2015
069,West Slope Northern Sierra Nevada,Yuba,115,38.7829,-120.3423,WEST SLOPE NORTHERN SIERRA NEVADA (ZONE),08/01/2015
069,West Slope Northern Sierra Nevada,Yuba,115,38.7829,-120.3423,WEST SLOPE NORTHERN SIERRA NEVADA (ZONE),09/09/2015
069,West Slope Northern Sierra Nevada,Yuba,115,38.7829,-120.3423,WEST SLOPE NORTHERN SIERRA NEVADA (ZONE),08/01/2018
069,West Slope Northern Sierra Nevada,Yuba,115,38.7829,-120.3423,WEST SLOPE NORTHERN SIERRA NEVADA (ZONE),10/10/2019
070,Surprise Valley California,Modoc,049,41.6116,-120.0862,,
071,Lassen-Eastern Plumas-Eastern Sierra Counties,Lassen,035,40.466,-120.5471,LASSEN/EASTERN PLUMAS/EASTERN SIERRA (ZONE),08/24/2019
071,Lassen-Eastern Plumas-Eastern Sierra Counties,Lassen,035,40.466,-120.5471,LASSEN/EASTERN PLUMAS/EASTERN SIERRA (ZONE),09/04/2019
071,Lassen-Eastern Plumas-Eastern Sierra Counties,Plumas,063,40.466,-120.5471,LASSEN/EASTERN PLUMAS/EASTERN SIERRA (ZONE),08/24/2019
071,Lassen-Eastern Plumas-Eastern Sierra Counties,Plumas,063,40.466,-120.5471,LASSEN/EASTERN PLUMAS/EASTERN SIERRA (ZONE),09/04/2019
071,Lassen-Eastern Plumas-Eastern Sierra Counties,Sierra,091,40.466,-120.5471,LASSEN/EASTERN PLUMAS/EASTERN SIERRA (ZONE),08/24/2019
071,Lassen-Eastern Plumas-Eastern Sierra Counties,Sierra,091,40.466,-120.5471,LASSEN/EASTERN PLUMAS/EASTERN SIERRA (ZONE),09/04/2019
072,Greater Lake Tahoe Area,Alpine,003,38.9481,-119.9683,GREATER LAKE TAHOE AREA (ZONE),07/10/2017
072,Greater Lake Tahoe Area,El Dorado,017,38.9481,-119.9683,GREATER LAKE TAHOE AREA (ZONE),07/10/2017
072,Greater Lake Tahoe Area,Nevada,057,38.9481,-119.9683,GREATER LAKE TAHOE AREA (ZONE),07/10/2017
072,Greater Lake Tahoe Area,Placer,061,38.9481,-119.9683,GREATER LAKE TAHOE AREA (ZONE),07/10/2017
073,Mono,Mono,051,37.939,-118.8867,MONO (ZONE),02/06/2015
073,Mono,Mono,051,37.939,-118.8867,MONO (ZONE),08/29/2017
073,Mono,Mono,051,37.939,-118.8867,MONO (ZONE),09/01/2017
080,Western Siskiyou County,Siskiyou,093,41.5562,-123.1641,WESTERN SISKIYOU COUNTY (ZONE),08/01/2010
080,Western Siskiyou County,Siskiyou,093,41.5562,-123.1641,WESTERN SISKIYOU COUNTY (ZONE),08/19/2011
080,Western Siskiyou County,Siskiyou,093,41.5562,-123.1641,WESTERN SISKIYOU COUNTY (ZONE),09/01/2011
080,Western Siskiyou County,Siskiyou,093,41.5562,-123.1641,WESTERN SISKIYOU COUNTY (ZONE),08/05/2012
080,Western Siskiyou County,Siskiyou,093,41.5562,-123.1641,WESTERN SISKIYOU COUNTY (ZONE),09/01/2012
080,Western Siskiyou County,Siskiyou,093,41.5562,-123.1641,WESTERN SISKIYOU COUNTY (ZONE),08/01/2013
080,Western Siskiyou County,Siskiyou,093,41.5562,-123.1641,WESTERN SISKIYOU COUNTY (ZONE),08/01/2013
080,Western Siskiyou County,Siskiyou,093,41.5562,-123.1641,WESTERN SISKIYOU COUNTY (ZONE),09/01/2013
080,Western Siskiyou County,Siskiyou,093,41.5562,-123.1641,WESTERN SISKIYOU COUNTY (ZONE),07/29/2014
080,Western Siskiyou County,Siskiyou,093,41.5562,-123.1641,WESTERN SISKIYOU COUNTY (ZONE),07/29/2014
080,Western Siskiyou County,Siskiyou,093,41.5562,-123.1641,WESTERN SISKIYOU COUNTY (ZONE),07/29/2014
080,Western Siskiyou County,Siskiyou,093,41.5562,-123.1641,WESTERN SISKIYOU COUNTY (ZONE),08/01/2014
080,Western Siskiyou County,Siskiyou,093,41.5562,-123.1641,WESTERN SISKIYOU COUNTY (ZONE),08/01/2014
080,Western Siskiyou County,Siskiyou,093,41.5562,-123.1641,WESTERN SISKIYOU COUNTY (ZONE),08/01/2014
080,Western Siskiyou County,Siskiyou,093,41.5562,-123.1641,WESTERN SISKIYOU COUNTY (ZONE),08/02/2014
080,Western Siskiyou County,Siskiyou,093,41.5562,-123.1641,WESTERN SISKIYOU COUNTY (ZONE),08/12/2014
080,Western Siskiyou County,Siskiyou,093,41.5562,-123.1641,WESTERN SISKIYOU COUNTY (ZONE),09/01/2014
080,Western Siskiyou County,Siskiyou,093,41.5562,-123.1641,WESTERN SISKIYOU COUNTY (ZONE),09/01/2014
080,Western Siskiyou County,Siskiyou,093,41.5562,-123.1641,WESTERN SISKIYOU COUNTY (ZONE),06/07/2016
080,Western Siskiyou County,Siskiyou,093,41.5562,-123.1641,WESTERN SISKIYOU COUNTY (ZONE),08/27/2016
080,Western Siskiyou County,Siskiyou,093,41.5562,-123.1641,WESTERN SISKIYOU COUNTY (ZONE),09/01/2016
080,Western Siskiyou County,Siskiyou,093,41.5562,-123.1641,WESTERN SISKIYOU COUNTY (ZONE),07/05/2017
080,Western Siskiyou County,Siskiyou,093,41.5562,-123.1641,WESTERN SISKIYOU COUNTY (ZONE),07/25/2017
080,Western Siskiyou County,Siskiyou,093,41.5562,-123.1641,WESTERN SISKIYOU COUNTY (ZONE),08/01/2017
080,Western Siskiyou County,Siskiyou,093,41.5562,-123.1641,WESTERN SISKIYOU COUNTY (ZONE),08/10/2017
080,Western Siskiyou County,Siskiyou,093,41.5562,-123.1641,WESTERN SISKIYOU COUNTY (ZONE),09/01/2017
080,Western Siskiyou County,Siskiyou,093,41.5562,-123.1641,WESTERN SISKIYOU COUNTY (ZONE),09/01/2017
080,Western Siskiyou County,Siskiyou,093,41.5562,-123.1641,WESTERN SISKIYOU COUNTY (ZONE),07/15/2018
080,Western Siskiyou County,Siskiyou,093,41.5562,-123.1641,WESTERN SISKIYOU COUNTY (ZONE),08/01/2018
080,Western Siskiyou County,Siskiyou,093,41.5562,-123.1641,WESTERN SISKIYOU COUNTY (ZONE),09/01/2018
080,Western Siskiyou County,Siskiyou,093,41.5562,-123.1641,WESTERN SISKIYOU COUNTY (ZONE),10/01/2018
080,Western Siskiyou County,Siskiyou,093,41.5562,-123.1641,WESTERN SISKIYOU COUNTY (ZONE),09/05/2019
081,Central Siskiyou County,Siskiyou,093,41.7362,-122.5631,CENTRAL SISKIYOU COUNTY (ZONE),09/15/2014
081,Central Siskiyou County,Siskiyou,093,41.7362,-122.5631,CENTRAL SISKIYOU COUNTY (ZONE),08/24/2016
081,Central Siskiyou County,Siskiyou,093,41.7362,-122.5631,CENTRAL SISKIYOU COUNTY (ZONE),07/05/2018
081,Central Siskiyou County,Siskiyou,093,41.7362,-122.5631,CENTRAL SISKIYOU COUNTY (ZONE),09/05/2019
082,South Central Siskiyou County,Siskiyou,093,41.2704,-122.1846,,
083,North Central and Southeast Siskiyou County,Siskiyou,093,41.5425,-121.8967,NORTH CENTRAL & SOUTHEAST SISKIYOU COUNTY (ZONE),08/01/2014
084,Northeast Siskiyou and Northwest Modoc Counties,Modoc,049,41.8639,-121.6371,NORTHEAST SISKIYOU AND NORTHWEST MODOC COUNTIES (ZONE),07/15/2011
084,Northeast Siskiyou and Northwest Modoc Counties,Modoc,049,41.8639,-121.6371,NORTHEAST SISKIYOU AND NORTHWEST MODOC COUNTIES (ZONE),07/28/2019
084,Northeast Siskiyou and Northwest Modoc Counties,Modoc,049,41.8639,-121.6371,NORTHEAST SISKIYOU AND NORTHWEST MODOC COUNTIES (ZONE),08/01/2019
084,Northeast Siskiyou and Northwest Modoc Counties,Siskiyou,093,41.8639,-121.6371,NORTHEAST SISKIYOU AND NORTHWEST MODOC COUNTIES (ZONE),07/15/2011
084,Northeast Siskiyou and Northwest Modoc Counties,Siskiyou,093,41.8639,-121.6371,NORTHEAST SISKIYOU AND NORTHWEST MODOC COUNTIES (ZONE),07/28/2019
084,Northeast Siskiyou and Northwest Modoc Counties,Siskiyou,093,41.8639,-121.6371,NORTHEAST SISKIYOU AND NORTHWEST MODOC COUNTIES (ZONE),08/01/2019
085,Modoc County,Modoc,049,41.5611,-120.7585,MODOC COUNTY (ZONE),08/21/2012
085,Modoc County,Modoc,049,41.5611,-120.7585,MODOC COUNTY (ZONE),09/05/2012
085,Modoc County,Modoc,049,41.5611,-120.7585,MODOC COUNTY (ZONE),07/01/2014
085,Modoc County,Modoc,049,41.5611,-120.7585,MODOC COUNTY (ZONE),07/03/2014
085,Modoc County,Modoc,049,41.5611,-120.7585,MODOC COUNTY (ZONE),07/30/2014
085,Modoc County,Modoc,049,41.5611,-120.7585,MODOC COUNTY (ZONE),08/01/2014
085,Modoc County,Modoc,049,41.5611,-120.7585,MODOC COUNTY (ZONE),07/30/2015
085,Modoc County,Modoc,049,41.5611,-120.7585,MODOC COUNTY (ZONE),08/01/2015
085,Modoc County,Modoc,049,41.5611,-120.7585,MODOC COUNTY (ZONE),09/17/2016
085,Modoc County,Modoc,049,41.5611,-120.7585,MODOC COUNTY (ZONE),10/01/2016
085,Modoc County,Modoc,049,41.5611,-120.7585,MODOC COUNTY (ZONE),07/13/2017
085,Modoc County,Modoc,049,41.5611,-120.7585,MODOC COUNTY (ZONE),07/23/2017
085,Modoc County,Modoc,049,41.5611,-120.7585,MODOC COUNTY (ZONE),08/01/2017
085,Modoc County,Modoc,049,41.5611,-120.7585,MODOC COUNTY (ZONE),08/03/2017
085,Modoc County,Modoc,049,41.5611,-120.7585,MODOC COUNTY (ZONE),08/15/2018
085,Modoc County,Modoc,049,41.5611,-120.7585,MODOC COUNTY (ZONE),09/05/2019
087,Catalina Island,Los Angeles,037,33.382,-118.4331,,
088,Santa Clarita Valley,Los Angeles,037,34.4534,-118.5579,SANTA CLARITA VALLEY (ZONE),10/10/2019
088,Santa Clarita Valley,Los Angeles,037,34.4534,-118.5579,SANTA CLARITA VALLEY (ZONE),10/24/2019
101,Coastal Del Norte,Del Norte,015,41.0243,-124.0956,,
102,Del Norte Interior,Del Norte,015,41.0243,-124.0956,,
103,Northern Humboldt Coast,Humboldt,023,41.0243,-124.0956,,
104,Southwestern Humboldt,Humboldt,023,41.0243,-124.0956,,
105,Northern Humboldt Interior,Humboldt,023,41.0243,-124.0956,,
106,Southern Humboldt Interior,Humboldt,023,41.0243,-124.0956,,
107,Northern Trinity,Trinity,105,40.7088,-123.111,,
108,Southern Trinity,Trinity,105,40.7088,-123.111,,
109,Mendocino Coast,Mendocino,045,39.3778,-123.7271,,
110,Northwestern Mendocino Interior,Mendocino,045,39.6359,-123.4371,,
111,Northeastern Mendocino Interior,Mendocino,045,39.7603,-123.1396,,
112,Southwestern Mendocino Interior,Mendocino,045,39.1561,-123.4915,,
113,Southeastern Mendocino Interior,Mendocino,045,39.0904,-123.1953,SOUTHEASTERN MENDOCINO INTERIOR (ZONE),10/08/2017
114,Northern Lake County,Lake,033,39.3619,-122.8628,,
115,Southern Lake County,Lake,033,38.9779,-122.7022,,
179,West Side Hills ,Kern,029,36.1223,-120.3373,,
179,West Side Hills ,Kings,031,36.1223,-120.3373,,
179,West Side Hills ,Fresno,019,36.1223,-120.3373,,
179,West Side Hills ,Merced,047,36.1223,-120.3373,,
180,San Joaquin Confluence ,Madera,039,37.0252,-120.6493,,
180,San Joaquin Confluence ,Merced,047,37.0252,-120.6493,,
181,Merced and Madera ,Madera,039,37.222,-120.2341,,
181,Merced and Madera ,Merced,047,37.222,-120.2341,,
182,Western San Joaquin Valley ,Kings,031,36.3334,-120.1552,,
182,Western San Joaquin Valley ,Fresno,019,36.3334,-120.1552,,
183,Foggy Bottom ,Kings,031,36.398,-119.7833,,
183,Foggy Bottom ,Fresno,019,36.398,-119.7833,,
183,Foggy Bottom ,Tulare,107,36.398,-119.7833,,
184,Fresno ,Fresno,019,36.76,-119.6055,,
185,Tulare County ,Tulare,107,36.1982,-119.1825,,
186,Southern Kings County ,Kings,031,35.9039,-119.5737,,
187,Western San Joaquin Valley in Kern County,Kern,029,35.5741,-119.5325,,
188,Eastern San Joaquin Valley in Kern County,Kern,029,35.6266,-119.1173,,
189,Bakersfield ,Kern,029,35.2183,-119.0645,,
190,Central Sierra Foothills ,Mariposa,043,37.2843,-119.7374,,
190,Central Sierra Foothills ,Madera,039,37.2843,-119.7374,,
190,Central Sierra Foothills ,Fresno,019,37.2843,-119.7374,,
191,Southern Sierra Foothills ,Tulare,107,36.0994,-118.8844,,
191,Southern Sierra Foothills ,Kings,031,36.0994,-118.8844,,
192,Central Sierra ,Mariposa,043,37.6184,-119.3678,,
192,Central Sierra ,Madera,039,37.6184,-119.3678,,
192,Central Sierra ,Fresno,019,37.6184,-119.3678,,
193,North Kings River ,Madera,039,37.0579,-118.9401,,
193,North Kings River ,Fresno,019,37.0579,-118.9401,,
194,Sequoia Kings ,Fresno,019,36.4233,-118.5603,,
194,Sequoia Kings ,Tulare,107,36.4233,-118.5603,,
194,Sequoia Kings ,Kern,029,36.4233,-118.5603,,
195,Lake Isabella ,Tulare,107,35.738,-118.3411,,
195,Lake Isabella ,Kern,029,35.738,-118.3411,,
196,Tehachapi Area ,Kern,029,35.319,-118.4019,,
197,Fort Tejon ,Kern,029,34.9451,-119.0187,,
198,Indian Wells Valley ,Kern,029,35.6271,-117.8015,,
199,Kern County Desert ,Kern,029,35.0767,-118.0156,,
505,Coastal North Bay Including Point Reyes National Seashore,Marin,041,38.2364,-122.9543,COASTAL NORTH BAY INCLUDING POINT REYES NATIONAL SEASHORE (ZONE),10/24/2019
505,Coastal North Bay Including Point Reyes National Seashore,Sonoma,097,38.2364,-122.9543,COASTAL NORTH BAY INCLUDING POINT REYES NATIONAL SEASHORE (ZONE),10/24/2019
506,North Bay Interior Valleys,Marin,041,38.3698,-122.6419,NORTH BAY INTERIOR VALLEYS (ZONE),10/08/2017
506,North Bay Interior Valleys,Marin,041,38.3698,-122.6419,NORTH BAY INTERIOR VALLEYS (ZONE),10/06/2019
506,North Bay Interior Valleys,Napa,055,38.3698,-122.6419,NORTH BAY INTERIOR VALLEYS (ZONE),10/08/2017
506,North Bay Interior Valleys,Napa,055,38.3698,-122.6419,NORTH BAY INTERIOR VALLEYS (ZONE),10/06/2019
506,North Bay Interior Valleys,Sonoma,097,38.3698,-122.6419,NORTH BAY INTERIOR VALLEYS (ZONE),10/08/2017
506,North Bay Interior Valleys,Sonoma,097,38.3698,-122.6419,NORTH BAY INTERIOR VALLEYS (ZONE),10/06/2019
507,North Bay Mountains,Marin,041,38.5515,-122.6939,NORTH BAY MOUNTAINS (ZONE),05/01/2013
507,North Bay Mountains,Marin,041,38.5515,-122.6939,NORTH BAY MOUNTAINS (ZONE),10/04/2013
507,North Bay Mountains,Marin,041,38.5515,-122.6939,NORTH BAY MOUNTAINS (ZONE),11/20/2013
507,North Bay Mountains,Marin,041,38.5515,-122.6939,NORTH BAY MOUNTAINS (ZONE),10/08/2017
507,North Bay Mountains,Marin,041,38.5515,-122.6939,NORTH BAY MOUNTAINS (ZONE),10/08/2017
507,North Bay Mountains,Marin,041,38.5515,-122.6939,NORTH BAY MOUNTAINS (ZONE),10/09/2017
507,North Bay Mountains,Marin,041,38.5515,-122.6939,NORTH BAY MOUNTAINS (ZONE),07/01/2018
507,North Bay Mountains,Marin,041,38.5515,-122.6939,NORTH BAY MOUNTAINS (ZONE),07/28/2018
507,North Bay Mountains,Marin,041,38.5515,-122.6939,NORTH BAY MOUNTAINS (ZONE),08/01/2018
507,North Bay Mountains,Marin,041,38.5515,-122.6939,NORTH BAY MOUNTAINS (ZONE),10/23/2019
507,North Bay Mountains,Marin,041,38.5515,-122.6939,NORTH BAY MOUNTAINS (ZONE),10/30/2019
507,North Bay Mountains,Marin,041,38.5515,-122.6939,NORTH BAY MOUNTAINS (ZONE),11/01/2019
507,North Bay Mountains,Napa,055,38.5515,-122.6939,NORTH BAY MOUNTAINS (ZONE),05/01/2013
507,North Bay Mountains,Napa,055,38.5515,-122.6939,NORTH BAY MOUNTAINS (ZONE),10/04/2013
507,North Bay Mountains,Napa,055,38.5515,-122.6939,NORTH BAY MOUNTAINS (ZONE),11/20/2013
507,North Bay Mountains,Napa,055,38.5515,-122.6939,NORTH BAY MOUNTAINS (ZONE),10/08/2017
507,North Bay Mountains,Napa,055,38.5515,-122.6939,NORTH BAY MOUNTAINS (ZONE),10/08/2017
507,North Bay Mountains,Napa,055,38.5515,-122.6939,NORTH BAY MOUNTAINS (ZONE),10/09/2017
507,North Bay Mountains,Napa,055,38.5515,-122.6939,NORTH BAY MOUNTAINS (ZONE),07/01/2018
507,North Bay Mountains,Napa,055,38.5515,-122.6939,NORTH BAY MOUNTAINS (ZONE),07/28/2018
507,North Bay Mountains,Napa,055,38.5515,-122.6939,NORTH BAY MOUNTAINS (ZONE),08/01/2018
507,North Bay Mountains,Napa,055,38.5515,-122.6939,NORTH BAY MOUNTAINS (ZONE),10/23/2019
507,North Bay Mountains,Napa,055,38.5515,-122.6939,NORTH BAY MOUNTAINS (ZONE),10/30/2019
507,North Bay Mountains,Napa,055,38.5515,-122.6939,NORTH BAY MOUNTAINS (ZONE),11/01/2019
507,North Bay Mountains,Sonoma,097,38.5515,-122.6939,NORTH BAY MOUNTAINS (ZONE),05/01/2013
507,North Bay Mountains,Sonoma,097,38.5515,-122.6939,NORTH BAY MOUNTAINS (ZONE),10/04/2013
507,North Bay Mountains,Sonoma,097,38.5515,-122.6939,NORTH BAY MOUNTAINS (ZONE),11/20/2013
507,North Bay Mountains,Sonoma,097,38.5515,-122.6939,NORTH BAY MOUNTAINS (ZONE),10/08/2017
507,North Bay Mountains,Sonoma,097,38.5515,-122.6939,NORTH BAY MOUNTAINS (ZONE),10/08/2017
507,North Bay Mountains,Sonoma,097,38.5515,-122.6939,NORTH BAY MOUNTAINS (ZONE),10/09/2017
507,North Bay Mountains,Sonoma,097,38.5515,-122.6939,NORTH BAY MOUNTAINS (ZONE),07/01/2018
507,North Bay Mountains,Sonoma,097,38.5515,-122.6939,NORTH BAY MOUNTAINS (ZONE),07/28/2018
507,North Bay Mountains,Sonoma,097,38.5515,-122.6939,NORTH BAY MOUNTAINS (ZONE),08/01/2018
507,North Bay Mountains,Sonoma,097,38.5515,-122.6939,NORTH BAY MOUNTAINS (ZONE),10/23/2019
507,North Bay Mountains,Sonoma,097,38.5515,-122.6939,NORTH BAY MOUNTAINS (ZONE),10/30/2019
507,North Bay Mountains,Sonoma,097,38.5515,-122.6939,NORTH BAY MOUNTAINS (ZONE),11/01/2019
508,San Francisco Bay Shoreline,Alameda,001,37.5938,-122.165,SAN FRANCISCO BAY SHORELINE (ZONE),10/27/2019
508,San Francisco Bay Shoreline,Contra Costa,013,37.5938,-122.165,SAN FRANCISCO BAY SHORELINE (ZONE),10/27/2019
508,San Francisco Bay Shoreline,San Mateo,081,37.5938,-122.165,SAN FRANCISCO BAY SHORELINE (ZONE),10/27/2019
508,San Francisco Bay Shoreline,Santa Clara,085,37.5938,-122.165,SAN FRANCISCO BAY SHORELINE (ZONE),10/27/2019
509,San Fransisco Peninsula Coast,San Mateo,081,37.374,-122.3923,SAN FRANCISCO PENINSULA COAST (ZONE),10/24/2019
509,San Fransisco Peninsula Coast,Santa Cruz,087,37.374,-122.3923,SAN FRANCISCO PENINSULA COAST (ZONE),10/24/2019
510,East Bay Interior Valleys,Alameda,001,37.8803,-121.8801,EAST BAY INTERIOR VALLEYS (ZONE),08/07/2019
510,East Bay Interior Valleys,Alameda,001,37.8803,-121.8801,EAST BAY INTERIOR VALLEYS (ZONE),10/10/2019
510,East Bay Interior Valleys,Alameda,001,37.8803,-121.8801,EAST BAY INTERIOR VALLEYS (ZONE),10/27/2019
510,East Bay Interior Valleys,Alameda,001,37.8803,-121.8801,EAST BAY INTERIOR VALLEYS (ZONE),10/27/2019
510,East Bay Interior Valleys,Alameda,001,37.8803,-121.8801,EAST BAY INTERIOR VALLEYS (ZONE),10/27/2019
510,East Bay Interior Valleys,Alameda,001,37.8803,-121.8801,EAST BAY INTERIOR VALLEYS (ZONE),10/27/2019
510,East Bay Interior Valleys,Contra Costa,013,37.8803,-121.8801,EAST BAY INTERIOR VALLEYS (ZONE),08/07/2019
510,East Bay Interior Valleys,Contra Costa,013,37.8803,-121.8801,EAST BAY INTERIOR VALLEYS (ZONE),10/10/2019
510,East Bay Interior Valleys,Contra Costa,013,37.8803,-121.8801,EAST BAY INTERIOR VALLEYS (ZONE),10/27/2019
510,East Bay Interior Valleys,Contra Costa,013,37.8803,-121.8801,EAST BAY INTERIOR VALLEYS (ZONE),10/27/2019
510,East Bay Interior Valleys,Contra Costa,013,37.8803,-121.8801,EAST BAY INTERIOR VALLEYS (ZONE),10/27/2019
510,East Bay Interior Valleys,Contra Costa,013,37.8803,-121.8801,EAST BAY INTERIOR VALLEYS (ZONE),10/27/2019
511,East Bay Hills and the Diablo Range,Alameda,001,37.4504,-121.6591,EAST BAY HILLS AND THE DIABLO RANGE (ZONE),06/11/2019
511,East Bay Hills and the Diablo Range,Alameda,001,37.4504,-121.6591,EAST BAY HILLS AND THE DIABLO RANGE (ZONE),10/24/2019
511,East Bay Hills and the Diablo Range,Contra Costa,013,37.4504,-121.6591,EAST BAY HILLS AND THE DIABLO RANGE (ZONE),06/11/2019
511,East Bay Hills and the Diablo Range,Contra Costa,013,37.4504,-121.6591,EAST BAY HILLS AND THE DIABLO RANGE (ZONE),10/24/2019
511,East Bay Hills and the Diablo Range,Santa Clara,085,37.4504,-121.6591,EAST BAY HILLS AND THE DIABLO RANGE (ZONE),06/11/2019
511,East Bay Hills and the Diablo Range,Santa Clara,085,37.4504,-121.6591,EAST BAY HILLS AND THE DIABLO RANGE (ZONE),10/24/2019
512,Santa Cruz Mountains,San Mateo,081,37.1726,-122.04,SANTA CRUZ MOUNTAINS (ZONE),09/11/2017
512,Santa Cruz Mountains,San Mateo,081,37.1726,-122.04,SANTA CRUZ MOUNTAINS (ZONE),09/11/2017
512,Santa Cruz Mountains,San Mateo,081,37.1726,-122.04,SANTA CRUZ MOUNTAINS (ZONE),11/03/2018
512,Santa Cruz Mountains,Santa Clara,085,37.1726,-122.04,SANTA CRUZ MOUNTAINS (ZONE),09/11/2017
512,Santa Cruz Mountains,Santa Clara,085,37.1726,-122.04,SANTA CRUZ MOUNTAINS (ZONE),09/11/2017
512,Santa Cruz Mountains,Santa Clara,085,37.1726,-122.04,SANTA CRUZ MOUNTAINS (ZONE),11/03/2018
512,Santa Cruz Mountains,Santa Cruz,087,37.1726,-122.04,SANTA CRUZ MOUNTAINS (ZONE),09/11/2017
512,Santa Cruz Mountains,Santa Cruz,087,37.1726,-122.04,SANTA CRUZ MOUNTAINS (ZONE),09/11/2017
512,Santa Cruz Mountains,Santa Cruz,087,37.1726,-122.04,SANTA CRUZ MOUNTAINS (ZONE),11/03/2018
513,Santa Clara Valley Including San Jose,Santa Clara,085,37.2196,-121.7971,,
516,Southern Salinas Valley/Arroyo Seco and Lake San Antonio,Monterey,053,36.1014,-121.0546,SOUTHERN SALINAS VALLEY / ARROYO SECO / LAKE SAN ANTONIO (ZONE),09/01/2019
517,Santa Lucia Mountains and Los Padres National Forest,Monterey,053,36.1606,-121.4188,SANTA LUCIA MOUNTAINS AND LOS PADRES NATIONAL FOREST (ZONE),05/13/2013
517,Santa Lucia Mountains and Los Padres National Forest,Monterey,053,36.1606,-121.4188,SANTA LUCIA MOUNTAINS AND LOS PADRES NATIONAL FOREST (ZONE),08/22/2013
517,Santa Lucia Mountains and Los Padres National Forest,Monterey,053,36.1606,-121.4188,SANTA LUCIA MOUNTAINS AND LOS PADRES NATIONAL FOREST (ZONE),09/11/2017
518,Mountains Of San Benito County And Interior Monterey County Including Pinnacles National Monument,Monterey,053,36.3718,-120.9214,,
518,Mountains Of San Benito County And Interior Monterey County Including Pinnacles National Monument,San Benito,069,36.3718,-120.9214,,
519,Eastern Sierra Slopes of Inyo County,Inyo,027,36.8269,-118.341,EASTERN SIERRA SLOPES OF INYO COUNTY (ZONE),09/04/2019
520,Owens Valley,Inyo,027,36.5133,-118.0127,OWENS VALLEY (ZONE),03/18/2011
520,Owens Valley,Inyo,027,36.5133,-118.0127,OWENS VALLEY (ZONE),09/13/2011
520,Owens Valley,Inyo,027,36.5133,-118.0127,OWENS VALLEY (ZONE),02/06/2015
521,White Mountains of Inyo County,Inyo,027,37.0104,-118.0388,,
522,Death Valley National Park,Inyo,027,36.4199,-117.1006,,
523,Western Mojave Desert,San Bernardino,071,35.3053,-117.0005,,
524,Eastern Mojave Desert Including the Mojave National Preserve,San Bernardino,071,35.1398,-115.7069,,
525,Morongo Basin,San Bernardino,071,34.3424,-116.0947,MORONGO BASIN (ZONE),05/07/2015
526,Cadiz Basin,San Bernardino,071,34.3849,-115.0956,,
527,San Bernadino County-Upper Colorado River Valley,San Bernardino,071,34.4988,-114.5011,,
528,Northern Salinas Valley/Hollister Valley and Carmel Valley,Monterey,053,36.6769,-121.5047,,
528,Northern Salinas Valley/Hollister Valley and Carmel Valley,San Benito,069,36.6769,-121.5047,,
529,Northern Monterey Bay,Santa Cruz,087,36.9757,-121.9005,,
530,Southern Monterey Bay and Big Sur Coast,Monterey,053,36.6165,-121.7566,SOUTHERN MONTEREY BAY AND BIG SUR COAST (ZONE),12/17/2013
547,Los Angeles County San Fernando Valley,Los Angeles,037,34.2043,-118.4799,LOS ANGELES COUNTY SAN FERNANDO VALLEY (ZONE),09/01/2017
547,Los Angeles County San Fernando Valley,Los Angeles,037,34.2043,-118.4799,LOS ANGELES COUNTY SAN FERNANDO VALLEY (ZONE),11/08/2018
547,Los Angeles County San Fernando Valley,Los Angeles,037,34.2043,-118.4799,LOS ANGELES COUNTY SAN FERNANDO VALLEY (ZONE),10/10/2019
548,Los Angeles County San Gabriel Valley,Los Angeles,037,34.0657,-117.9738,LOS ANGELES COUNTY SAN GABRIEL VALLEY (ZONE),01/16/2014
549,San Miguel and Santa Rosa Islands,Santa Barbara,083,33.9774,-120.1462,,
550,Santa Cruz and Anacapa Islands,Santa Barbara,083,34.0138,-119.7416,,
552,Orange County Coastal,Orange,059,33.7028,-117.7899,ORANGE COUNTY COASTAL (ZONE),06/02/2018
554,Orange County Inland,Orange,059,0.0,0.0,ORANGE COUNTY INLAND (ZONE),10/09/2017
560,Joshua Tree NP West,San Bernardino,071,33.9359,-116.0847,,
561,Joshua Tree NP East,San Bernardino,071,33.9564,-115.6533,,
562,Imperial County Southwest,Imperial,025,32.8129,-116.039,,
563,Salton Sea,Imperial,025,33.3091,-115.8096,,
563,Salton Sea,Riverside,065,33.3091,-115.8096,,
564,Chuckwalla Mountains,Imperial,025,33.3715,-115.2724,,
564,Chuckwalla Mountains,Riverside,065,33.3715,-115.2724,,
565,Imperial County Southeast,Imperial,025,32.886,-114.9902,,
566,Imperial County West,Imperial,025,32.9908,-115.9008,,
567,Imperial Valley,Imperial,025,32.9245,-115.5185,,
568,Chiriaco Summit,Riverside,065,33.6785,-115.6832,,
569,Palo Verde Valley,Imperial,025,33.4256,-114.6527,,
569,Palo Verde Valley,Riverside,065,33.4256,-114.6527,,
570,Chuckwalla Valley,Riverside,065,33.8125,-115.0182,,
097,,,,,,TULARE CTY MTNS (ZONE),07/26/2010
097,,,,,,TULARE CTY MTNS (ZONE),08/01/2010
097,,,,,,TULARE CTY MTNS (ZONE),09/01/2010
097,,,,,,TULARE CTY MTNS (ZONE),08/01/2011
097,,,,,,TULARE CTY MTNS (ZONE),09/10/2011
097,,,,,,TULARE CTY MTNS (ZONE),06/01/2012
097,,,,,,TULARE CTY MTNS (ZONE),07/15/2012
097,,,,,,TULARE CTY MTNS (ZONE),08/23/2013
097,,,,,,TULARE CTY MTNS (ZONE),09/08/2013
097,,,,,,TULARE CTY MTNS (ZONE),01/13/2014
097,,,,,,TULARE COUNTY MOUNTAINS (ZONE),07/19/2015
097,,,,,,TULARE COUNTY MOUNTAINS (ZONE),08/01/2015
097,,,,,,TULARE COUNTY MOUNTAINS (ZONE),08/01/2015
097,,,,,,TULARE COUNTY MOUNTAINS (ZONE),09/01/2015
097,,,,,,TULARE CTY MTNS (ZONE),06/01/2016
097,,,,,,TULARE CTY MTNS (ZONE),08/16/2016
097,,,,,,TULARE CTY MTNS (ZONE),09/01/2016
097,,,,,,TULARE CTY MTNS (ZONE),07/01/2017
097,,,,,,TULARE CTY MTNS (ZONE),08/29/2017
097,,,,,,TULARE CTY MTNS (ZONE),09/01/2017
095,,,,,,KERN CTY MTNS (ZONE),07/26/2010
095,,,,,,KERN CTY MTNS (ZONE),07/27/2010
095,,,,,,KERN CTY MTNS (ZONE),08/24/2010
095,,,,,,KERN CTY MTNS (ZONE),09/12/2010
095,,,,,,KERN CTY MTNS (ZONE),09/04/2011
095,,,,,,KERN CTY MTNS (ZONE),09/10/2011
095,,,,,,KERN CTY MTNS (ZONE),09/10/2011
095,,,,,,KERN CTY MTNS (ZONE),09/10/2011
095,,,,,,KERN CTY MTNS (ZONE),07/17/2012
095,,,,,,KERN CTY MTNS (ZONE),07/19/2013
095,,,,,,KERN CTY MTNS (ZONE),07/23/2013
095,,,,,,KERN CTY MTNS (ZONE),08/18/2013
095,,,,,,KERN CTY MTNS (ZONE),08/18/2013
095,,,,,,KERN CTY MTNS (ZONE),05/13/2014
095,,,,,,KERN CTY MTNS (ZONE),06/01/2014
095,,,,,,KERN CTY MTNS (ZONE),07/01/2014
095,,,,,,KERN CTY MTNS (ZONE),07/11/2014
095,,,,,,KERN CTY MTNS (ZONE),08/18/2014
095,,,,,,KERN CTY MTNS (ZONE),06/23/2016
095,,,,,,KERN CTY MTNS (ZONE),07/01/2016
095,,,,,,KERN CTY MTNS (ZONE),07/01/2016
095,,,,,,KERN CTY MTNS (ZONE),08/16/2016
095,,,,,,KERN CTY MTNS (ZONE),09/01/2016
095,,,,,,KERN CTY MTNS (ZONE),06/18/2017
096,,,,,,S SIERRA MTNS (ZONE),08/01/2010
096,,,,,,S SIERRA MTNS (ZONE),08/07/2010
096,,,,,,S SIERRA MTNS (ZONE),09/01/2010
096,,,,,,S SIERRA MTNS (ZONE),09/01/2010
096,,,,,,S SIERRA MTNS (ZONE),09/01/2010
096,,,,,,S SIERRA MTNS (ZONE),09/01/2010
096,,,,,,S SIERRA MTNS (ZONE),08/01/2011
096,,,,,,S SIERRA MTNS (ZONE),08/25/2011
096,,,,,,S SIERRA MTNS (ZONE),09/13/2011
096,,,,,,S SIERRA MTNS (ZONE),08/01/2012
096,,,,,,S SIERRA MTNS (ZONE),08/23/2013
096,,,,,,S SIERRA MTNS (ZONE),09/01/2013
096,,,,,,S SIERRA MTNS (ZONE),07/16/2014
096,,,,,,S SIERRA MTNS (ZONE),07/26/2014
096,,,,,,S SIERRA MTNS (ZONE),07/28/2014
096,,,,,,S SIERRA MTNS (ZONE),08/01/2014
096,,,,,,S SIERRA MTNS (ZONE),08/01/2014
096,,,,,,S SIERRA MTNS (ZONE),08/01/2014
096,,,,,,S SIERRA MTNS (ZONE),09/07/2014
096,,,,,,S SIERRA MTNS (ZONE),10/07/2014
096,,,,,,SOUTH SIERRA MOUNTAINS (ZONE),07/25/2015
096,,,,,,SOUTH SIERRA MOUNTAINS (ZONE),08/01/2015
096,,,,,,SOUTH SIERRA MOUNTAINS (ZONE),08/01/2015
096,,,,,,SOUTH SIERRA MOUNTAINS (ZONE),09/01/2015
096,,,,,,SOUTH SIERRA MOUNTAINS (ZONE),09/07/2015
096,,,,,,S SIERRA MTNS (ZONE),08/13/2017
096,,,,,,S SIERRA MTNS (ZONE),08/29/2017
096,,,,,,S SIERRA MTNS (ZONE),09/01/2017
096,,,,,,S SIERRA MTNS (ZONE),07/13/2018
096,,,,,,S SIERRA MTNS (ZONE),08/01/2018
093,,,,,,S SIERRA FOOTHILLS (ZONE),06/12/2012
093,,,,,,S SIERRA FOOTHILLS (ZONE),06/16/2013
093,,,,,,S SIERRA FOOTHILLS (ZONE),08/01/2013
093,,,,,,S SIERRA FOOTHILLS (ZONE),05/26/2014
093,,,,,,S SIERRA FOOTHILLS (ZONE),06/01/2014
093,,,,,,S SIERRA FOOTHILLS (ZONE),07/26/2014
093,,,,,,S SIERRA FOOTHILLS (ZONE),07/28/2014
093,,,,,,S SIERRA FOOTHILLS (ZONE),08/01/2014
093,,,,,,S SIERRA FOOTHILLS (ZONE),08/01/2014
093,,,,,,S SIERRA FOOTHILLS (ZONE),08/18/2014
093,,,,,,S SIERRA FOOTHILLS (ZONE),09/05/2014
093,,,,,,S SIERRA FOOTHILLS (ZONE),09/14/2014
093,,,,,,S SIERRA FOOTHILLS (ZONE),06/18/2015
093,,,,,,S SIERRA FOOTHILLS (ZONE),06/18/2015
093,,,,,,SOUTH SIERRA FOOTHILLS (ZONE),07/25/2015
093,,,,,,SOUTH SIERRA FOOTHILLS (ZONE),08/01/2015
093,,,,,,S SIERRA FOOTHILLS (ZONE),07/30/2016
093,,,,,,S SIERRA FOOTHILLS (ZONE),08/01/2016
093,,,,,,S SIERRA FOOTHILLS (ZONE),07/16/2017
093,,,,,,S SIERRA FOOTHILLS (ZONE),08/01/2017
093,,,,,,S SIERRA FOOTHILLS (ZONE),09/03/2017
093,,,,,,S SIERRA FOOTHILLS (ZONE),09/03/2017
093,,,,,,S SIERRA FOOTHILLS (ZONE),07/13/2018
093,,,,,,S SIERRA FOOTHILLS (ZONE),08/01/2018
089,,,,,,WEST CENTRAL SAN JOAQUIN VALLEY (ZONE),07/18/2015
089,,,,,,W CENTRAL S.J. VALLEY (ZONE),07/01/2016
089,,,,,,W CENTRAL S.J. VALLEY (ZONE),08/09/2016
089,,,,,,W CENTRAL S.J. VALLEY (ZONE),06/23/2017
094,,,,,,TULARE COUNTY FOOTHILLS (ZONE),07/21/2015
094,,,,,,TULARE COUNTY FOOTHILLS (ZONE),07/30/2015
064,,,,,,CLEAR LAKE/SOUTHERN LAKE COUNTY (ZONE),07/29/2015
064,,,,,,CLEAR LAKE/SOUTHERN LAKE COUNTY (ZONE),08/01/2015
064,,,,,,CLEAR LAKE/SOUTHERN LAKE COUNTY (ZONE),08/09/2015
064,,,,,,CLEAR LAKE/SOUTHERN LAKE COUNTY (ZONE),09/12/2015
064,,,,,,CLEAR LAKE/SOUTHERN LAKE COUNTY (ZONE),08/13/2016
064,,,,,,CLEAR LAKE/SOUTHERN LAKE COUNTY (ZONE),10/08/2017
064,,,,,,CLEAR LAKE/SOUTHERN LAKE COUNTY (ZONE),06/23/2018
